PolicyNumber,Year,split
1,1994,train
2,1994,train
3,1994,train
4,1994,train
5,1994,train
6,1994,train
7,1994,train
8,1994,train
9,1994,train
10,1994,train
11,1994,train
12,1994,train
13,1994,train
14,1994,train
15,1994,train
16,1994,train
17,1994,train
18,1994,train
19,1994,train
20,1994,train
21,1994,train
22,1994,train
23,1994,train
24,1994,train
25,1994,train
26,1994,train
27,1994,train
28,1994,train
29,1994,train
30,1994,train
31,1994,train
32,1994,train
33,1994,train
34,1994,train
35,1994,train
36,1994,train
37,1994,train
38,1994,train
39,1994,train
40,1994,train
41,1994,train
42,1994,train
43,1994,train
44,1994,train
45,1994,train
46,1994,train
47,1994,train
48,1994,train
49,1994,train
50,1994,train
51,1994,train
52,1994,train
53,1994,train
54,1994,train
55,1994,train
56,1994,train
57,1994,train
58,1994,train
59,1994,train
60,1994,train
61,1994,train
62,1994,train
63,1994,train
64,1994,train
65,1994,train
66,1994,train
67,1994,train
68,1994,train
69,1994,train
70,1994,train
71,1994,train
72,1994,train
73,1994,train
74,1994,train
75,1994,train
76,1994,train
77,1994,train
78,1994,train
79,1994,train
80,1994,train
81,1994,train
82,1994,train
83,1994,train
84,1994,train
85,1994,train
86,1994,train
87,1994,train
88,1994,train
89,1994,train
90,1994,train
91,1994,train
92,1994,train
93,1994,train
94,1994,train
95,1994,train
96,1994,train
97,1994,train
98,1994,train
99,1994,train
100,1994,train
101,1994,train
102,1994,train
103,1994,train
104,1994,train
105,1994,train
106,1994,train
107,1994,train
108,1994,train
109,1994,train
110,1994,train
111,1994,train
112,1994,train
113,1994,train
114,1994,train
115,1994,train
116,1994,train
117,1994,train
118,1994,train
119,1994,train
120,1994,train
121,1994,train
122,1994,train
123,1994,train
124,1994,train
125,1994,train
126,1994,train
127,1994,train
128,1994,train
129,1994,train
130,1994,train
131,1994,train
132,1994,train
133,1994,train
134,1994,train
135,1994,train
136,1994,train
137,1994,train
138,1994,train
139,1994,train
140,1994,train
141,1994,train
142,1994,train
143,1994,train
144,1994,train
145,1994,train
146,1994,train
147,1994,train
148,1994,train
149,1994,train
150,1994,train
151,1994,train
152,1994,train
153,1994,train
154,1994,train
155,1994,train
156,1994,train
157,1994,train
158,1994,train
159,1994,train
160,1994,train
161,1994,train
162,1994,train
163,1994,train
164,1994,train
165,1994,train
166,1994,train
167,1994,train
168,1994,train
169,1994,train
170,1994,train
171,1994,train
172,1994,train
173,1994,train
174,1994,train
175,1994,train
176,1994,train
177,1994,train
178,1994,train
179,1994,train
180,1994,train
181,1994,train
182,1994,train
183,1994,train
184,1994,train
185,1994,train
186,1994,train
187,1994,train
188,1994,train
189,1994,train
190,1994,train
191,1994,train
192,1994,train
193,1994,train
194,1994,train
195,1994,train
196,1994,train
197,1994,train
198,1994,train
199,1994,train
200,1994,train
201,1994,train
202,1994,train
203,1994,train
204,1994,train
205,1994,train
206,1994,train
207,1994,train
208,1994,train
209,1994,train
210,1994,train
211,1994,train
212,1994,train
213,1994,train
214,1994,train
215,1994,train
216,1994,train
217,1994,train
218,1994,train
219,1994,train
220,1994,train
221,1994,train
222,1994,train
223,1994,train
224,1994,train
225,1994,train
226,1994,train
227,1994,train
228,1994,train
229,1994,train
230,1994,train
231,1994,train
232,1994,train
233,1994,train
234,1994,train
235,1994,train
236,1994,train
237,1994,train
238,1994,train
239,1994,train
240,1994,train
241,1994,train
242,1994,train
243,1994,train
244,1994,train
245,1994,train
246,1994,train
247,1994,train
248,1994,train
249,1994,train
250,1994,train
251,1994,train
252,1994,train
253,1994,train
254,1994,train
255,1994,train
256,1994,train
257,1994,train
258,1994,train
259,1994,train
260,1994,train
261,1994,train
262,1994,train
263,1994,train
264,1994,train
265,1994,train
266,1994,train
267,1994,train
268,1994,train
269,1994,train
270,1994,train
271,1994,train
272,1994,train
273,1994,train
274,1994,train
275,1994,train
276,1994,train
277,1994,train
278,1994,train
279,1994,train
280,1994,train
281,1994,train
282,1994,train
283,1994,train
284,1994,train
285,1994,train
286,1994,train
287,1994,train
288,1994,train
289,1994,train
290,1994,train
291,1994,train
292,1994,train
293,1994,train
294,1994,train
295,1994,train
296,1994,train
297,1994,train
298,1994,train
299,1994,train
300,1994,train
301,1994,train
302,1994,train
303,1994,train
304,1994,train
305,1994,train
306,1994,train
307,1994,train
308,1994,train
309,1994,train
310,1994,train
311,1994,train
312,1994,train
313,1994,train
314,1994,train
315,1994,train
316,1994,train
317,1994,train
318,1994,train
319,1994,train
320,1994,train
321,1994,train
322,1994,train
323,1994,train
324,1994,train
325,1994,train
326,1994,train
327,1994,train
328,1994,train
329,1994,train
330,1994,train
331,1994,train
332,1994,train
333,1994,train
334,1994,train
335,1994,train
336,1994,train
337,1994,train
338,1994,train
339,1994,train
340,1994,train
341,1994,train
342,1994,train
343,1994,train
344,1994,train
345,1994,train
346,1994,train
347,1994,train
348,1994,train
349,1994,train
350,1994,train
351,1994,train
352,1994,train
353,1994,train
354,1994,train
355,1994,train
356,1994,train
357,1994,train
358,1994,train
359,1994,train
360,1994,train
361,1994,train
362,1994,train
363,1994,train
364,1994,train
365,1994,train
366,1994,train
367,1994,train
368,1994,train
369,1994,train
370,1994,train
371,1994,train
372,1994,train
373,1994,train
374,1994,train
375,1994,train
376,1994,train
377,1994,train
378,1994,train
379,1994,train
380,1994,train
381,1994,train
382,1994,train
383,1994,train
384,1994,train
385,1994,train
386,1994,train
387,1994,train
388,1994,train
389,1994,train
390,1994,train
391,1994,train
392,1994,train
393,1994,train
394,1994,train
395,1994,train
396,1994,train
397,1994,train
398,1994,train
399,1994,train
400,1994,train
401,1994,train
402,1994,train
403,1994,train
404,1994,train
405,1994,train
406,1994,train
407,1994,train
408,1994,train
409,1994,train
410,1994,train
411,1994,train
412,1994,train
413,1994,train
414,1994,train
415,1994,train
416,1994,train
417,1994,train
418,1994,train
419,1994,train
420,1994,train
421,1994,train
422,1994,train
423,1994,train
424,1994,train
425,1994,train
426,1994,train
427,1994,train
428,1994,train
429,1994,train
430,1994,train
431,1994,train
432,1994,train
433,1994,train
434,1994,train
435,1994,train
436,1994,train
437,1994,train
438,1994,train
439,1994,train
440,1994,train
441,1994,train
442,1994,train
443,1994,train
444,1994,train
445,1994,train
446,1994,train
447,1994,train
448,1994,train
449,1994,train
450,1994,train
451,1994,train
452,1994,train
453,1994,train
454,1994,train
455,1994,train
456,1994,train
457,1994,train
458,1994,train
459,1994,train
460,1994,train
461,1994,train
462,1994,train
463,1994,train
464,1994,train
465,1994,train
466,1994,train
467,1994,train
468,1994,train
469,1994,train
470,1994,train
471,1994,train
472,1994,train
473,1994,train
474,1994,train
475,1994,train
476,1994,train
477,1994,train
478,1994,train
479,1994,train
480,1994,train
481,1994,train
482,1994,train
483,1994,train
484,1994,train
485,1994,train
486,1994,train
487,1994,train
488,1994,train
489,1994,train
490,1994,train
491,1994,train
492,1994,train
493,1994,train
494,1994,train
495,1994,train
496,1994,train
497,1994,train
498,1994,train
499,1994,train
500,1994,train
501,1994,train
502,1994,train
503,1994,train
504,1994,train
505,1994,train
506,1994,train
507,1994,train
508,1994,train
509,1994,train
510,1994,train
511,1994,train
512,1994,train
513,1994,train
514,1994,train
515,1994,train
516,1994,train
517,1994,train
518,1994,train
519,1994,train
520,1994,train
521,1994,train
522,1994,train
523,1994,train
524,1994,train
525,1994,train
526,1994,train
527,1994,train
528,1994,train
529,1994,train
530,1994,train
531,1994,train
532,1994,train
533,1994,train
534,1994,train
535,1994,train
536,1994,train
537,1994,train
538,1994,train
539,1994,train
540,1994,train
541,1994,train
542,1994,train
543,1994,train
544,1994,train
545,1994,train
546,1994,train
547,1994,train
548,1994,train
549,1994,train
550,1994,train
551,1994,train
552,1994,train
553,1994,train
554,1994,train
555,1994,train
556,1994,train
557,1994,train
558,1994,train
559,1994,train
560,1994,train
561,1994,train
562,1994,train
563,1994,train
564,1994,train
565,1994,train
566,1994,train
567,1994,train
568,1994,train
569,1994,train
570,1994,train
571,1994,train
572,1994,train
573,1994,train
574,1994,train
575,1994,train
576,1994,train
577,1994,train
578,1994,train
579,1994,train
580,1994,train
581,1994,train
582,1994,train
583,1994,train
584,1994,train
585,1994,train
586,1994,train
587,1994,train
588,1994,train
589,1994,train
590,1994,train
591,1994,train
592,1994,train
593,1994,train
594,1994,train
595,1994,train
596,1994,train
597,1994,train
598,1994,train
599,1994,train
600,1994,train
601,1994,train
602,1994,train
603,1994,train
604,1994,train
605,1994,train
606,1994,train
607,1994,train
608,1994,train
609,1994,train
610,1994,train
611,1994,train
612,1994,train
613,1994,train
614,1994,train
615,1994,train
616,1994,train
617,1994,train
618,1994,train
619,1994,train
620,1994,train
621,1994,train
622,1994,train
623,1994,train
624,1994,train
625,1994,train
626,1994,train
627,1994,train
628,1994,train
629,1994,train
630,1994,train
631,1994,train
632,1994,train
633,1994,train
634,1994,train
635,1994,train
636,1994,train
637,1994,train
638,1994,train
639,1994,train
640,1994,train
641,1994,train
642,1994,train
643,1994,train
644,1994,train
645,1994,train
646,1994,train
647,1994,train
648,1994,train
649,1994,train
650,1994,train
651,1994,train
652,1994,train
653,1994,train
654,1994,train
655,1994,train
656,1994,train
657,1994,train
658,1994,train
659,1994,train
660,1994,train
661,1994,train
662,1994,train
663,1994,train
664,1994,train
665,1994,train
666,1994,train
667,1994,train
668,1994,train
669,1994,train
670,1994,train
671,1994,train
672,1994,train
673,1994,train
674,1994,train
675,1994,train
676,1994,train
677,1994,train
678,1994,train
679,1994,train
680,1994,train
681,1994,train
682,1994,train
683,1994,train
684,1994,train
685,1994,train
686,1994,train
687,1994,train
688,1994,train
689,1994,train
690,1994,train
691,1994,train
692,1994,train
693,1994,train
694,1994,train
695,1994,train
696,1994,train
697,1994,train
698,1994,train
699,1994,train
700,1994,train
701,1994,train
702,1994,train
703,1994,train
704,1994,train
705,1994,train
706,1994,train
707,1994,train
708,1994,train
709,1994,train
710,1994,train
711,1994,train
712,1994,train
713,1994,train
714,1994,train
715,1994,train
716,1994,train
717,1994,train
718,1994,train
719,1994,train
720,1994,train
721,1994,train
722,1994,train
723,1994,train
724,1994,train
725,1994,train
726,1994,train
727,1994,train
728,1994,train
729,1994,train
730,1994,train
731,1994,train
732,1994,train
733,1994,train
734,1994,train
735,1994,train
736,1994,train
737,1994,train
738,1994,train
739,1994,train
740,1994,train
741,1994,train
742,1994,train
743,1994,train
744,1994,train
745,1994,train
746,1994,train
747,1994,train
748,1994,train
749,1994,train
750,1994,train
751,1994,train
752,1994,train
753,1994,train
754,1994,train
755,1994,train
756,1994,train
757,1994,train
758,1994,train
759,1994,train
760,1994,train
761,1994,train
762,1994,train
763,1994,train
764,1994,train
765,1994,train
766,1994,train
767,1994,train
768,1994,train
769,1994,train
770,1994,train
771,1994,train
772,1994,train
773,1994,train
774,1994,train
775,1994,train
776,1994,train
777,1994,train
778,1994,train
779,1994,train
780,1994,train
781,1994,train
782,1994,train
783,1994,train
784,1994,train
785,1994,train
786,1994,train
787,1994,train
788,1994,train
789,1994,train
790,1994,train
791,1994,train
792,1994,train
793,1994,train
794,1994,train
795,1994,train
796,1994,train
797,1994,train
798,1994,train
799,1994,train
800,1994,train
801,1994,train
802,1994,train
803,1994,train
804,1994,train
805,1994,train
806,1994,train
807,1994,train
808,1994,train
809,1994,train
810,1994,train
811,1994,train
812,1994,train
813,1994,train
814,1994,train
815,1994,train
816,1994,train
817,1994,train
818,1994,train
819,1994,train
820,1994,train
821,1994,train
822,1994,train
823,1994,train
824,1994,train
825,1994,train
826,1994,train
827,1994,train
828,1994,train
829,1994,train
830,1994,train
831,1994,train
832,1994,train
833,1994,train
834,1994,train
835,1994,train
836,1994,train
837,1994,train
838,1994,train
839,1994,train
840,1994,train
841,1994,train
842,1994,train
843,1994,train
844,1994,train
845,1994,train
846,1994,train
847,1994,train
848,1994,train
849,1994,train
850,1994,train
851,1994,train
852,1994,train
853,1994,train
854,1994,train
855,1994,train
856,1994,train
857,1994,train
858,1994,train
859,1994,train
860,1994,train
861,1994,train
862,1994,train
863,1994,train
864,1994,train
865,1994,train
866,1994,train
867,1994,train
868,1994,train
869,1994,train
870,1994,train
871,1994,train
872,1994,train
873,1994,train
874,1994,train
875,1994,train
876,1994,train
877,1994,train
878,1994,train
879,1994,train
880,1994,train
881,1994,train
882,1994,train
883,1994,train
884,1994,train
885,1994,train
886,1994,train
887,1994,train
888,1994,train
889,1994,train
890,1994,train
891,1994,train
892,1994,train
893,1994,train
894,1994,train
895,1994,train
896,1994,train
897,1994,train
898,1994,train
899,1994,train
900,1994,train
901,1994,train
902,1994,train
903,1994,train
904,1994,train
905,1994,train
906,1994,train
907,1994,train
908,1994,train
909,1994,train
910,1994,train
911,1994,train
912,1994,train
913,1994,train
914,1994,train
915,1994,train
916,1994,train
917,1994,train
918,1994,train
919,1994,train
920,1994,train
921,1994,train
922,1994,train
923,1994,train
924,1994,train
925,1994,train
926,1994,train
927,1994,train
928,1994,train
929,1994,train
930,1994,train
931,1994,train
932,1994,train
933,1994,train
934,1994,train
935,1994,train
936,1994,train
937,1994,train
938,1994,train
939,1994,train
940,1994,train
941,1994,train
942,1994,train
943,1994,train
944,1994,train
945,1994,train
946,1994,train
947,1994,train
948,1994,train
949,1994,train
950,1994,train
951,1994,train
952,1994,train
953,1994,train
954,1994,train
955,1994,train
956,1994,train
957,1994,train
958,1994,train
959,1994,train
960,1994,train
961,1994,train
962,1994,train
963,1994,train
964,1994,train
965,1994,train
966,1994,train
967,1994,train
968,1994,train
969,1994,train
970,1994,train
971,1994,train
972,1994,train
973,1994,train
974,1994,train
975,1994,train
976,1994,train
977,1994,train
978,1994,train
979,1994,train
980,1994,train
981,1994,train
982,1994,train
983,1994,train
984,1994,train
985,1994,train
986,1994,train
987,1994,train
988,1994,train
989,1994,train
990,1994,train
991,1994,train
992,1994,train
993,1994,train
994,1994,train
995,1994,train
996,1994,train
997,1994,train
998,1994,train
999,1994,train
1000,1994,train
1001,1994,train
1002,1994,train
1003,1994,train
1004,1994,train
1005,1994,train
1006,1994,train
1007,1994,train
1008,1994,train
1009,1994,train
1010,1994,train
1011,1994,train
1012,1994,train
1013,1994,train
1014,1994,train
1015,1994,train
1016,1994,train
1017,1994,train
1018,1994,train
1019,1994,train
1020,1994,train
1021,1994,train
1022,1994,train
1023,1994,train
1024,1994,train
1025,1994,train
1026,1994,train
1027,1994,train
1028,1994,train
1029,1994,train
1030,1994,train
1031,1994,train
1032,1994,train
1033,1994,train
1034,1994,train
1035,1994,train
1036,1994,train
1037,1994,train
1038,1994,train
1039,1994,train
1040,1994,train
1041,1994,train
1042,1994,train
1043,1994,train
1044,1994,train
1045,1994,train
1046,1994,train
1047,1994,train
1048,1994,train
1049,1994,train
1050,1994,train
1051,1994,train
1052,1994,train
1053,1994,train
1054,1994,train
1055,1994,train
1056,1994,train
1057,1994,train
1058,1994,train
1059,1994,train
1060,1994,train
1061,1994,train
1062,1994,train
1063,1994,train
1064,1994,train
1065,1994,train
1066,1994,train
1067,1994,train
1068,1994,train
1069,1994,train
1070,1994,train
1071,1994,train
1072,1994,train
1073,1994,train
1074,1994,train
1075,1994,train
1076,1994,train
1077,1994,train
1078,1994,train
1079,1994,train
1080,1994,train
1081,1994,train
1082,1994,train
1083,1994,train
1084,1994,train
1085,1994,train
1086,1994,train
1087,1994,train
1088,1994,train
1089,1994,train
1090,1994,train
1091,1994,train
1092,1994,train
1093,1994,train
1094,1994,train
1095,1994,train
1096,1994,train
1097,1994,train
1098,1994,train
1099,1994,train
1100,1994,train
1101,1994,train
1102,1994,train
1103,1994,train
1104,1994,train
1105,1994,train
1106,1994,train
1107,1994,train
1108,1994,train
1109,1994,train
1110,1994,train
1111,1994,train
1112,1994,train
1113,1994,train
1114,1994,train
1115,1994,train
1116,1994,train
1117,1994,train
1118,1994,train
1119,1994,train
1120,1994,train
1121,1994,train
1122,1994,train
1123,1994,train
1124,1994,train
1125,1994,train
1126,1994,train
1127,1994,train
1128,1994,train
1129,1994,train
1130,1994,train
1131,1994,train
1132,1994,train
1133,1994,train
1134,1994,train
1135,1994,train
1136,1994,train
1137,1994,train
1138,1994,train
1139,1994,train
1140,1994,train
1141,1994,train
1142,1994,train
1143,1994,train
1144,1994,train
1145,1994,train
1146,1994,train
1147,1994,train
1148,1994,train
1149,1994,train
1150,1994,train
1151,1994,train
1152,1994,train
1153,1994,train
1154,1994,train
1155,1994,train
1156,1994,train
1157,1994,train
1158,1994,train
1159,1994,train
1160,1994,train
1161,1994,train
1162,1994,train
1163,1994,train
1164,1994,train
1165,1994,train
1166,1994,train
1167,1994,train
1168,1994,train
1169,1994,train
1170,1994,train
1171,1994,train
1172,1994,train
1173,1994,train
1174,1994,train
1175,1994,train
1176,1994,train
1177,1994,train
1178,1994,train
1179,1994,train
1180,1994,train
1181,1994,train
1182,1994,train
1183,1994,train
1184,1994,train
1185,1994,train
1186,1994,train
1187,1994,train
1188,1994,train
1189,1994,train
1190,1994,train
1191,1994,train
1192,1994,train
1193,1994,train
1194,1994,train
1195,1994,train
1196,1994,train
1197,1994,train
1198,1994,train
1199,1994,train
1200,1994,train
1201,1994,train
1202,1994,train
1203,1994,train
1204,1994,train
1205,1994,train
1206,1994,train
1207,1994,train
1208,1994,train
1209,1994,train
1210,1994,train
1211,1994,train
1212,1994,train
1213,1994,train
1214,1994,train
1215,1994,train
1216,1994,train
1217,1994,train
1218,1994,train
1219,1994,train
1220,1994,train
1221,1994,train
1222,1994,train
1223,1994,train
1224,1994,train
1225,1994,train
1226,1994,train
1227,1994,train
1228,1994,train
1229,1994,train
1230,1994,train
1231,1994,train
1232,1994,train
1233,1994,train
1234,1994,train
1235,1994,train
1236,1994,train
1237,1994,train
1238,1994,train
1239,1994,train
1240,1994,train
1241,1994,train
1242,1994,train
1243,1994,train
1244,1994,train
1245,1994,train
1246,1994,train
1247,1994,train
1248,1994,train
1249,1994,train
1250,1994,train
1251,1994,train
1252,1994,train
1253,1994,train
1254,1994,train
1255,1994,train
1256,1994,train
1257,1994,train
1258,1994,train
1259,1994,train
1260,1994,train
1261,1994,train
1262,1994,train
1263,1994,train
1264,1994,train
1265,1994,train
1266,1994,train
1267,1994,train
1268,1994,train
1269,1994,train
1270,1994,train
1271,1994,train
1272,1994,train
1273,1994,train
1274,1994,train
1275,1994,train
1276,1994,train
1277,1994,train
1278,1994,train
1279,1994,train
1280,1994,train
1281,1994,train
1282,1994,train
1283,1994,train
1284,1994,train
1285,1994,train
1286,1994,train
1287,1994,train
1288,1994,train
1289,1994,train
1290,1994,train
1291,1994,train
1292,1994,train
1293,1994,train
1294,1994,train
1295,1994,train
1296,1994,train
1297,1994,train
1298,1994,train
1299,1994,train
1300,1994,train
1301,1994,train
1302,1994,train
1303,1994,train
1304,1994,train
1305,1994,train
1306,1994,train
1307,1994,train
1308,1994,train
1309,1994,train
1310,1994,train
1311,1994,train
1312,1994,train
1313,1994,train
1314,1994,train
1315,1994,train
1316,1994,train
1317,1994,train
1318,1994,train
1319,1994,train
1320,1994,train
1321,1994,train
1322,1994,train
1323,1994,train
1324,1994,train
1325,1994,train
1326,1994,train
1327,1994,train
1328,1994,train
1329,1994,train
1330,1994,train
1331,1994,train
1332,1994,train
1333,1994,train
1334,1994,train
1335,1994,train
1336,1994,train
1337,1994,train
1338,1994,train
1339,1994,train
1340,1994,train
1341,1994,train
1342,1994,train
1343,1994,train
1344,1994,train
1345,1994,train
1346,1994,train
1347,1994,train
1348,1994,train
1349,1994,train
1350,1994,train
1351,1994,train
1352,1994,train
1353,1994,train
1354,1994,train
1355,1994,train
1356,1994,train
1357,1994,train
1358,1994,train
1359,1994,train
1360,1994,train
1361,1994,train
1362,1994,train
1363,1994,train
1364,1994,train
1365,1994,train
1366,1994,train
1367,1994,train
1368,1994,train
1369,1994,train
1370,1994,train
1371,1994,train
1372,1994,train
1373,1994,train
1374,1994,train
1375,1994,train
1376,1994,train
1377,1994,train
1378,1994,train
1379,1994,train
1380,1994,train
1381,1994,train
1382,1994,train
1383,1994,train
1384,1994,train
1385,1994,train
1386,1994,train
1387,1994,train
1388,1994,train
1389,1994,train
1390,1994,train
1391,1994,train
1392,1994,train
1393,1994,train
1394,1994,train
1395,1994,train
1396,1994,train
1397,1994,train
1398,1994,train
1399,1994,train
1400,1994,train
1401,1994,train
1402,1994,train
1403,1994,train
1404,1994,train
1405,1994,train
1406,1994,train
1407,1994,train
1408,1994,train
1409,1994,train
1410,1994,train
1411,1994,train
1412,1994,train
1413,1994,train
1414,1994,train
1415,1994,train
1416,1994,train
1417,1994,train
1418,1994,train
1419,1994,train
1420,1994,train
1421,1994,train
1422,1994,train
1423,1994,train
1424,1994,train
1425,1994,train
1426,1994,train
1427,1994,train
1428,1994,train
1429,1994,train
1430,1994,train
1431,1994,train
1432,1994,train
1433,1994,train
1434,1994,train
1435,1994,train
1436,1994,train
1437,1994,train
1438,1994,train
1439,1994,train
1440,1994,train
1441,1994,train
1442,1994,train
1443,1994,train
1444,1994,train
1445,1994,train
1446,1994,train
1447,1994,train
1448,1994,train
1449,1994,train
1450,1994,train
1451,1994,train
1452,1994,train
1453,1994,train
1454,1994,train
1455,1994,train
1456,1994,train
1457,1994,train
1458,1994,train
1459,1994,train
1460,1994,train
1461,1994,train
1462,1994,train
1463,1994,train
1464,1994,train
1465,1994,train
1466,1994,train
1467,1994,train
1468,1994,train
1469,1994,train
1470,1994,train
1471,1994,train
1472,1994,train
1473,1994,train
1474,1994,train
1475,1994,train
1476,1994,train
1477,1994,train
1478,1994,train
1479,1994,train
1480,1994,train
1481,1994,train
1482,1994,train
1483,1994,train
1484,1994,train
1485,1994,train
1486,1994,train
1487,1994,train
1488,1994,train
1489,1994,train
1490,1994,train
1491,1994,train
1492,1994,train
1493,1994,train
1494,1994,train
1495,1994,train
1496,1994,train
1497,1994,train
1498,1994,train
1499,1994,train
1500,1994,train
1501,1994,train
1502,1994,train
1503,1994,train
1504,1994,train
1505,1994,train
1506,1994,train
1507,1994,train
1508,1994,train
1509,1994,train
1510,1994,train
1511,1994,train
1512,1994,train
1513,1994,train
1514,1994,train
1515,1994,train
1516,1994,train
1517,1994,train
1518,1994,train
1519,1994,train
1520,1994,train
1521,1994,train
1522,1994,train
1523,1994,train
1524,1994,train
1525,1994,train
1526,1994,train
1527,1994,train
1528,1994,train
1529,1994,train
1530,1994,train
1531,1994,train
1532,1994,train
1533,1994,train
1534,1994,train
1535,1994,train
1536,1994,train
1537,1994,train
1538,1994,train
1539,1994,train
1540,1994,train
1541,1994,train
1542,1994,train
1543,1994,train
1544,1994,train
1545,1994,train
1546,1994,train
1547,1994,train
1548,1994,train
1549,1994,train
1550,1994,train
1551,1994,train
1552,1994,train
1553,1994,train
1554,1994,train
1555,1994,train
1556,1994,train
1557,1994,train
1558,1994,train
1559,1994,train
1560,1994,train
1561,1994,train
1562,1994,train
1563,1994,train
1564,1994,train
1565,1994,train
1566,1994,train
1567,1994,train
1568,1994,train
1569,1994,train
1570,1994,train
1571,1994,train
1572,1994,train
1573,1994,train
1574,1994,train
1575,1994,train
1576,1994,train
1577,1994,train
1578,1994,train
1579,1994,train
1580,1994,train
1581,1994,train
1582,1994,train
1583,1994,train
1584,1994,train
1585,1994,train
1586,1994,train
1587,1994,train
1588,1994,train
1589,1994,train
1590,1994,train
1591,1994,train
1592,1994,train
1593,1994,train
1594,1994,train
1595,1994,train
1596,1994,train
1597,1994,train
1598,1994,train
1599,1994,train
1600,1994,train
1601,1994,train
1602,1994,train
1603,1994,train
1604,1994,train
1605,1994,train
1606,1994,train
1607,1994,train
1608,1994,train
1609,1994,train
1610,1994,train
1611,1994,train
1612,1994,train
1613,1994,train
1614,1994,train
1615,1994,train
1616,1994,train
1617,1994,train
1618,1994,train
1619,1994,train
1620,1994,train
1621,1994,train
1622,1994,train
1623,1994,train
1624,1994,train
1625,1994,train
1626,1994,train
1627,1994,train
1628,1994,train
1629,1994,train
1630,1994,train
1631,1994,train
1632,1994,train
1633,1994,train
1634,1994,train
1635,1994,train
1636,1994,train
1637,1994,train
1638,1994,train
1639,1994,train
1640,1994,train
1641,1994,train
1642,1994,train
1643,1994,train
1644,1994,train
1645,1994,train
1646,1994,train
1647,1994,train
1648,1994,train
1649,1994,train
1650,1994,train
1651,1994,train
1652,1994,train
1653,1994,train
1654,1994,train
1655,1994,train
1656,1994,train
1657,1994,train
1658,1994,train
1659,1994,train
1660,1994,train
1661,1994,train
1662,1994,train
1663,1994,train
1664,1994,train
1665,1994,train
1666,1994,train
1667,1994,train
1668,1994,train
1669,1994,train
1670,1994,train
1671,1994,train
1672,1994,train
1673,1994,train
1674,1994,train
1675,1994,train
1676,1994,train
1677,1994,train
1678,1994,train
1679,1994,train
1680,1994,train
1681,1994,train
1682,1994,train
1683,1994,train
1684,1994,train
1685,1994,train
1686,1994,train
1687,1994,train
1688,1994,train
1689,1994,train
1690,1994,train
1691,1994,train
1692,1994,train
1693,1994,train
1694,1994,train
1695,1994,train
1696,1994,train
1697,1994,train
1698,1994,train
1699,1994,train
1700,1994,train
1701,1994,train
1702,1994,train
1703,1994,train
1704,1994,train
1705,1994,train
1706,1994,train
1707,1994,train
1708,1994,train
1709,1994,train
1710,1994,train
1711,1994,train
1712,1994,train
1713,1994,train
1714,1994,train
1715,1994,train
1716,1994,train
1717,1994,train
1718,1994,train
1719,1994,train
1720,1994,train
1721,1994,train
1722,1994,train
1723,1994,train
1724,1994,train
1725,1994,train
1726,1994,train
1727,1994,train
1728,1994,train
1729,1994,train
1730,1994,train
1731,1994,train
1732,1994,train
1733,1994,train
1734,1994,train
1735,1994,train
1736,1994,train
1737,1994,train
1738,1994,train
1739,1994,train
1740,1994,train
1741,1994,train
1742,1994,train
1743,1994,train
1744,1994,train
1745,1994,train
1746,1994,train
1747,1994,train
1748,1994,train
1749,1994,train
1750,1994,train
1751,1994,train
1752,1994,train
1753,1994,train
1754,1994,train
1755,1994,train
1756,1994,train
1757,1994,train
1758,1994,train
1759,1994,train
1760,1994,train
1761,1994,train
1762,1994,train
1763,1994,train
1764,1994,train
1765,1994,train
1766,1994,train
1767,1994,train
1768,1994,train
1769,1994,train
1770,1994,train
1771,1994,train
1772,1994,train
1773,1994,train
1774,1994,train
1775,1994,train
1776,1994,train
1777,1994,train
1778,1994,train
1779,1994,train
1780,1994,train
1781,1994,train
1782,1994,train
1783,1994,train
1784,1994,train
1785,1994,train
1786,1994,train
1787,1994,train
1788,1994,train
1789,1994,train
1790,1994,train
1791,1994,train
1792,1994,train
1793,1994,train
1794,1994,train
1795,1994,train
1796,1994,train
1797,1994,train
1798,1994,train
1799,1994,train
1800,1994,train
1801,1994,train
1802,1994,train
1803,1994,train
1804,1994,train
1805,1994,train
1806,1994,train
1807,1994,train
1808,1994,train
1809,1994,train
1810,1994,train
1811,1994,train
1812,1994,train
1813,1994,train
1814,1994,train
1815,1994,train
1816,1994,train
1817,1994,train
1818,1994,train
1819,1994,train
1820,1994,train
1821,1994,train
1822,1994,train
1823,1994,train
1824,1994,train
1825,1994,train
1826,1994,train
1827,1994,train
1828,1994,train
1829,1994,train
1830,1994,train
1831,1994,train
1832,1994,train
1833,1994,train
1834,1994,train
1835,1994,train
1836,1994,train
1837,1994,train
1838,1994,train
1839,1994,train
1840,1994,train
1841,1994,train
1842,1994,train
1843,1994,train
1844,1994,train
1845,1994,train
1846,1994,train
1847,1994,train
1848,1994,train
1849,1994,train
1850,1994,train
1851,1994,train
1852,1994,train
1853,1994,train
1854,1994,train
1855,1994,train
1856,1994,train
1857,1994,train
1858,1994,train
1859,1994,train
1860,1994,train
1861,1994,train
1862,1994,train
1863,1994,train
1864,1994,train
1865,1994,train
1866,1994,train
1867,1994,train
1868,1994,train
1869,1994,train
1870,1994,train
1871,1994,train
1872,1994,train
1873,1994,train
1874,1994,train
1875,1994,train
1876,1994,train
1877,1994,train
1878,1994,train
1879,1994,train
1880,1994,train
1881,1994,train
1882,1994,train
1883,1994,train
1884,1994,train
1885,1994,train
1886,1994,train
1887,1994,train
1888,1994,train
1889,1994,train
1890,1994,train
1891,1994,train
1892,1994,train
1893,1994,train
1894,1994,train
1895,1994,train
1896,1994,train
1897,1994,train
1898,1994,train
1899,1994,train
1900,1994,train
1901,1994,train
1902,1994,train
1903,1994,train
1904,1994,train
1905,1994,train
1906,1994,train
1907,1994,train
1908,1994,train
1909,1994,train
1910,1994,train
1911,1994,train
1912,1994,train
1913,1994,train
1914,1994,train
1915,1994,train
1916,1994,train
1917,1994,train
1918,1994,train
1919,1994,train
1920,1994,train
1921,1994,train
1922,1994,train
1923,1994,train
1924,1994,train
1925,1994,train
1926,1994,train
1927,1994,train
1928,1994,train
1929,1994,train
1930,1994,train
1931,1994,train
1932,1994,train
1933,1994,train
1934,1994,train
1935,1994,train
1936,1994,train
1937,1994,train
1938,1994,train
1939,1994,train
1940,1994,train
1941,1994,train
1942,1994,train
1943,1994,train
1944,1994,train
1945,1994,train
1946,1994,train
1947,1994,train
1948,1994,train
1949,1994,train
1950,1994,train
1951,1994,train
1952,1994,train
1953,1994,train
1954,1994,train
1955,1994,train
1956,1994,train
1957,1994,train
1958,1994,train
1959,1994,train
1960,1994,train
1961,1994,train
1962,1994,train
1963,1994,train
1964,1994,train
1965,1994,train
1966,1994,train
1967,1994,train
1968,1994,train
1969,1994,train
1970,1994,train
1971,1994,train
1972,1994,train
1973,1994,train
1974,1994,train
1975,1994,train
1976,1994,train
1977,1994,train
1978,1994,train
1979,1994,train
1980,1994,train
1981,1994,train
1982,1994,train
1983,1994,train
1984,1994,train
1985,1994,train
1986,1994,train
1987,1994,train
1988,1994,train
1989,1994,train
1990,1994,train
1991,1994,train
1992,1994,train
1993,1994,train
1994,1994,train
1995,1994,train
1996,1994,train
1997,1994,train
1998,1994,train
1999,1994,train
2000,1994,train
2001,1994,train
2002,1994,train
2003,1994,train
2004,1994,train
2005,1994,train
2006,1994,train
2007,1994,train
2008,1994,train
2009,1994,train
2010,1994,train
2011,1994,train
2012,1994,train
2013,1994,train
2014,1994,train
2015,1994,train
2016,1994,train
2017,1994,train
2018,1994,train
2019,1994,train
2020,1994,train
2021,1994,train
2022,1994,train
2023,1994,train
2024,1994,train
2025,1994,train
2026,1994,train
2027,1994,train
2028,1994,train
2029,1994,train
2030,1994,train
2031,1994,train
2032,1994,train
2033,1994,train
2034,1994,train
2035,1994,train
2036,1994,train
2037,1994,train
2038,1994,train
2039,1994,train
2040,1994,train
2041,1994,train
2042,1994,train
2043,1994,train
2044,1994,train
2045,1994,train
2046,1994,train
2047,1994,train
2048,1994,train
2049,1994,train
2050,1994,train
2051,1994,train
2052,1994,train
2053,1994,train
2054,1994,train
2055,1994,train
2056,1994,train
2057,1994,train
2058,1994,train
2059,1994,train
2060,1994,train
2061,1994,train
2062,1994,train
2063,1994,train
2064,1994,train
2065,1994,train
2066,1994,train
2067,1994,train
2068,1994,train
2069,1994,train
2070,1994,train
2071,1994,train
2072,1994,train
2073,1994,train
2074,1994,train
2075,1994,train
2076,1994,train
2077,1994,train
2078,1994,train
2079,1994,train
2080,1994,train
2081,1994,train
2082,1994,train
2083,1994,train
2084,1994,train
2085,1994,train
2086,1994,train
2087,1994,train
2088,1994,train
2089,1994,train
2090,1994,train
2091,1994,train
2092,1994,train
2093,1994,train
2094,1994,train
2095,1994,train
2096,1994,train
2097,1994,train
2098,1994,train
2099,1994,train
2100,1994,train
2101,1994,train
2102,1994,train
2103,1994,train
2104,1994,train
2105,1994,train
2106,1994,train
2107,1994,train
2108,1994,train
2109,1994,train
2110,1994,train
2111,1994,train
2112,1994,train
2113,1994,train
2114,1994,train
2115,1994,train
2116,1994,train
2117,1994,train
2118,1994,train
2119,1994,train
2120,1994,train
2121,1994,train
2122,1994,train
2123,1994,train
2124,1994,train
2125,1994,train
2126,1994,train
2127,1994,train
2128,1994,train
2129,1994,train
2130,1994,train
2131,1994,train
2132,1994,train
2133,1994,train
2134,1994,train
2135,1994,train
2136,1994,train
2137,1994,train
2138,1994,train
2139,1994,train
2140,1994,train
2141,1994,train
2142,1994,train
2143,1994,train
2144,1994,train
2145,1994,train
2146,1994,train
2147,1994,train
2148,1994,train
2149,1994,train
2150,1994,train
2151,1994,train
2152,1994,train
2153,1994,train
2154,1994,train
2155,1994,train
2156,1994,train
2157,1994,train
2158,1994,train
2159,1994,train
2160,1994,train
2161,1994,train
2162,1994,train
2163,1994,train
2164,1994,train
2165,1994,train
2166,1994,train
2167,1994,train
2168,1994,train
2169,1994,train
2170,1994,train
2171,1994,train
2172,1994,train
2173,1994,train
2174,1994,train
2175,1994,train
2176,1994,train
2177,1994,train
2178,1994,train
2179,1994,train
2180,1994,train
2181,1994,train
2182,1994,train
2183,1994,train
2184,1994,train
2185,1994,train
2186,1994,train
2187,1994,train
2188,1994,train
2189,1994,train
2190,1994,train
2191,1994,train
2192,1994,train
2193,1994,train
2194,1994,train
2195,1994,train
2196,1994,train
2197,1994,train
2198,1994,train
2199,1994,train
2200,1994,train
2201,1994,train
2202,1994,train
2203,1994,train
2204,1994,train
2205,1994,train
2206,1994,train
2207,1994,train
2208,1994,train
2209,1994,train
2210,1994,train
2211,1994,train
2212,1994,train
2213,1994,train
2214,1994,train
2215,1994,train
2216,1994,train
2217,1994,train
2218,1994,train
2219,1994,train
2220,1994,train
2221,1994,train
2222,1994,train
2223,1994,train
2224,1994,train
2225,1994,train
2226,1994,train
2227,1994,train
2228,1994,train
2229,1994,train
2230,1994,train
2231,1994,train
2232,1994,train
2233,1994,train
2234,1994,train
2235,1994,train
2236,1994,train
2237,1994,train
2238,1994,train
2239,1994,train
2240,1994,train
2241,1994,train
2242,1994,train
2243,1994,train
2244,1994,train
2245,1994,train
2246,1994,train
2247,1994,train
2248,1994,train
2249,1994,train
2250,1994,train
2251,1994,train
2252,1994,train
2253,1994,train
2254,1994,train
2255,1994,train
2256,1994,train
2257,1994,train
2258,1994,train
2259,1994,train
2260,1994,train
2261,1994,train
2262,1994,train
2263,1994,train
2264,1994,train
2265,1994,train
2266,1994,train
2267,1994,train
2268,1994,train
2269,1994,train
2270,1994,train
2271,1994,train
2272,1994,train
2273,1994,train
2274,1994,train
2275,1994,train
2276,1994,train
2277,1994,train
2278,1994,train
2279,1994,train
2280,1994,train
2281,1994,train
2282,1994,train
2283,1994,train
2284,1994,train
2285,1994,train
2286,1994,train
2287,1994,train
2288,1994,train
2289,1994,train
2290,1994,train
2291,1994,train
2292,1994,train
2293,1994,train
2294,1994,train
2295,1994,train
2296,1994,train
2297,1994,train
2298,1994,train
2299,1994,train
2300,1994,train
2301,1994,train
2302,1994,train
2303,1994,train
2304,1994,train
2305,1994,train
2306,1994,train
2307,1994,train
2308,1994,train
2309,1994,train
2310,1994,train
2311,1994,train
2312,1994,train
2313,1994,train
2314,1994,train
2315,1994,train
2316,1994,train
2317,1994,train
2318,1994,train
2319,1994,train
2320,1994,train
2321,1994,train
2322,1994,train
2323,1994,train
2324,1994,train
2325,1994,train
2326,1994,train
2327,1994,train
2328,1994,train
2329,1994,train
2330,1994,train
2331,1994,train
2332,1994,train
2333,1994,train
2334,1994,train
2335,1994,train
2336,1994,train
2337,1994,train
2338,1994,train
2339,1994,train
2340,1994,train
2341,1994,train
2342,1994,train
2343,1994,train
2344,1994,train
2345,1994,train
2346,1994,train
2347,1994,train
2348,1994,train
2349,1994,train
2350,1994,train
2351,1994,train
2352,1994,train
2353,1994,train
2354,1994,train
2355,1994,train
2356,1994,train
2357,1994,train
2358,1994,train
2359,1994,train
2360,1994,train
2361,1994,train
2362,1994,train
2363,1994,train
2364,1994,train
2365,1994,train
2366,1994,train
2367,1994,train
2368,1994,train
2369,1994,train
2370,1994,train
2371,1994,train
2372,1994,train
2373,1994,train
2374,1994,train
2375,1994,train
2376,1994,train
2377,1994,train
2378,1994,train
2379,1994,train
2380,1994,train
2381,1994,train
2382,1994,train
2383,1994,train
2384,1994,train
2385,1994,train
2386,1994,train
2387,1994,train
2388,1994,train
2389,1994,train
2390,1994,train
2391,1994,train
2392,1994,train
2393,1994,train
2394,1994,train
2395,1994,train
2396,1994,train
2397,1994,train
2398,1994,train
2399,1994,train
2400,1994,train
2401,1994,train
2402,1994,train
2403,1994,train
2404,1994,train
2405,1994,train
2406,1994,train
2407,1994,train
2408,1994,train
2409,1994,train
2410,1994,train
2411,1994,train
2412,1994,train
2413,1994,train
2414,1994,train
2415,1994,train
2416,1994,train
2417,1994,train
2418,1994,train
2419,1994,train
2420,1994,train
2421,1994,train
2422,1994,train
2423,1994,train
2424,1994,train
2425,1994,train
2426,1994,train
2427,1994,train
2428,1994,train
2429,1994,train
2430,1994,train
2431,1994,train
2432,1994,train
2433,1994,train
2434,1994,train
2435,1994,train
2436,1994,train
2437,1994,train
2438,1994,train
2439,1994,train
2440,1994,train
2441,1994,train
2442,1994,train
2443,1994,train
2444,1994,train
2445,1994,train
2446,1994,train
2447,1994,train
2448,1994,train
2449,1994,train
2450,1994,train
2451,1994,train
2452,1994,train
2453,1994,train
2454,1994,train
2455,1994,train
2456,1994,train
2457,1994,train
2458,1994,train
2459,1994,train
2460,1994,train
2461,1994,train
2462,1994,train
2463,1994,train
2464,1994,train
2465,1994,train
2466,1994,train
2467,1994,train
2468,1994,train
2469,1994,train
2470,1994,train
2471,1994,train
2472,1994,train
2473,1994,train
2474,1994,train
2475,1994,train
2476,1994,train
2477,1994,train
2478,1994,train
2479,1994,train
2480,1994,train
2481,1994,train
2482,1994,train
2483,1994,train
2484,1994,train
2485,1994,train
2486,1994,train
2487,1994,train
2488,1994,train
2489,1994,train
2490,1994,train
2491,1994,train
2492,1994,train
2493,1994,train
2494,1994,train
2495,1994,train
2496,1994,train
2497,1994,train
2498,1994,train
2499,1994,train
2500,1994,train
2501,1994,train
2502,1994,train
2503,1994,train
2504,1994,train
2505,1994,train
2506,1994,train
2507,1994,train
2508,1994,train
2509,1994,train
2510,1994,train
2511,1994,train
2512,1994,train
2513,1994,train
2514,1994,train
2515,1994,train
2516,1994,train
2517,1994,train
2518,1994,train
2519,1994,train
2520,1994,train
2521,1994,train
2522,1994,train
2523,1994,train
2524,1994,train
2525,1994,train
2526,1994,train
2527,1994,train
2528,1994,train
2529,1994,train
2530,1994,train
2531,1994,train
2532,1994,train
2533,1994,train
2534,1994,train
2535,1994,train
2536,1994,train
2537,1994,train
2538,1994,train
2539,1994,train
2540,1994,train
2541,1994,train
2542,1994,train
2543,1994,train
2544,1994,train
2545,1994,train
2546,1994,train
2547,1994,train
2548,1994,train
2549,1994,train
2550,1994,train
2551,1994,train
2552,1994,train
2553,1994,train
2554,1994,train
2555,1994,train
2556,1994,train
2557,1994,train
2558,1994,train
2559,1994,train
2560,1994,train
2561,1994,train
2562,1994,train
2563,1994,train
2564,1994,train
2565,1994,train
2566,1994,train
2567,1994,train
2568,1994,train
2569,1994,train
2570,1994,train
2571,1994,train
2572,1994,train
2573,1994,train
2574,1994,train
2575,1994,train
2576,1994,train
2577,1994,train
2578,1994,train
2579,1994,train
2580,1994,train
2581,1994,train
2582,1994,train
2583,1994,train
2584,1994,train
2585,1994,train
2586,1994,train
2587,1994,train
2588,1994,train
2589,1994,train
2590,1994,train
2591,1994,train
2592,1994,train
2593,1994,train
2594,1994,train
2595,1994,train
2596,1994,train
2597,1994,train
2598,1994,train
2599,1994,train
2600,1994,train
2601,1994,train
2602,1994,train
2603,1994,train
2604,1994,train
2605,1994,train
2606,1994,train
2607,1994,train
2608,1994,train
2609,1994,train
2610,1994,train
2611,1994,train
2612,1994,train
2613,1994,train
2614,1994,train
2615,1994,train
2616,1994,train
2617,1994,train
2618,1994,train
2619,1994,train
2620,1994,train
2621,1994,train
2622,1994,train
2623,1994,train
2624,1994,train
2625,1994,train
2626,1994,train
2627,1994,train
2628,1994,train
2629,1994,train
2630,1994,train
2631,1994,train
2632,1994,train
2633,1994,train
2634,1994,train
2635,1994,train
2636,1994,train
2637,1994,train
2638,1994,train
2639,1994,train
2640,1994,train
2641,1994,train
2642,1994,train
2643,1994,train
2644,1994,train
2645,1994,train
2646,1994,train
2647,1994,train
2648,1994,train
2649,1994,train
2650,1994,train
2651,1994,train
2652,1994,train
2653,1994,train
2654,1994,train
2655,1994,train
2656,1994,train
2657,1994,train
2658,1994,train
2659,1994,train
2660,1994,train
2661,1994,train
2662,1994,train
2663,1994,train
2664,1994,train
2665,1994,train
2666,1994,train
2667,1994,train
2668,1994,train
2669,1994,train
2670,1994,train
2671,1994,train
2672,1994,train
2673,1994,train
2674,1994,train
2675,1994,train
2676,1994,train
2677,1994,train
2678,1994,train
2679,1994,train
2680,1994,train
2681,1994,train
2682,1994,train
2683,1994,train
2684,1994,train
2685,1994,train
2686,1994,train
2687,1994,train
2688,1994,train
2689,1994,train
2690,1994,train
2691,1994,train
2692,1994,train
2693,1994,train
2694,1994,train
2695,1994,train
2696,1994,train
2697,1994,train
2698,1994,train
2699,1994,train
2700,1994,train
2701,1994,train
2702,1994,train
2703,1994,train
2704,1994,train
2705,1994,train
2706,1994,train
2707,1994,train
2708,1994,train
2709,1994,train
2710,1994,train
2711,1994,train
2712,1994,train
2713,1994,train
2714,1994,train
2715,1994,train
2716,1994,train
2717,1994,train
2718,1994,train
2719,1994,train
2720,1994,train
2721,1994,train
2722,1994,train
2723,1994,train
2724,1994,train
2725,1994,train
2726,1994,train
2727,1994,train
2728,1994,train
2729,1994,train
2730,1994,train
2731,1994,train
2732,1994,train
2733,1994,train
2734,1994,train
2735,1994,train
2736,1994,train
2737,1994,train
2738,1994,train
2739,1994,train
2740,1994,train
2741,1994,train
2742,1994,train
2743,1994,train
2744,1994,train
2745,1994,train
2746,1994,train
2747,1994,train
2748,1994,train
2749,1994,train
2750,1994,train
2751,1994,train
2752,1994,train
2753,1994,train
2754,1994,train
2755,1994,train
2756,1994,train
2757,1994,train
2758,1994,train
2759,1994,train
2760,1994,train
2761,1994,train
2762,1994,train
2763,1994,train
2764,1994,train
2765,1994,train
2766,1994,train
2767,1994,train
2768,1994,train
2769,1994,train
2770,1994,train
2771,1994,train
2772,1994,train
2773,1994,train
2774,1994,train
2775,1994,train
2776,1994,train
2777,1994,train
2778,1994,train
2779,1994,train
2780,1994,train
2781,1994,train
2782,1994,train
2783,1994,train
2784,1994,train
2785,1994,train
2786,1994,train
2787,1994,train
2788,1994,train
2789,1994,train
2790,1994,train
2791,1994,train
2792,1994,train
2793,1994,train
2794,1994,train
2795,1994,train
2796,1994,train
2797,1994,train
2798,1994,train
2799,1994,train
2800,1994,train
2801,1994,train
2802,1994,train
2803,1994,train
2804,1994,train
2805,1994,train
2806,1994,train
2807,1994,train
2808,1994,train
2809,1994,train
2810,1994,train
2811,1994,train
2812,1994,train
2813,1994,train
2814,1994,train
2815,1994,train
2816,1994,train
2817,1994,train
2818,1994,train
2819,1994,train
2820,1994,train
2821,1994,train
2822,1994,train
2823,1994,train
2824,1994,train
2825,1994,train
2826,1994,train
2827,1994,train
2828,1994,train
2829,1994,train
2830,1994,train
2831,1994,train
2832,1994,train
2833,1994,train
2834,1994,train
2835,1994,train
2836,1994,train
2837,1994,train
2838,1994,train
2839,1994,train
2840,1994,train
2841,1994,train
2842,1994,train
2843,1994,train
2844,1994,train
2845,1994,train
2846,1994,train
2847,1994,train
2848,1994,train
2849,1994,train
2850,1994,train
2851,1994,train
2852,1994,train
2853,1994,train
2854,1994,train
2855,1994,train
2856,1994,train
2857,1994,train
2858,1994,train
2859,1994,train
2860,1994,train
2861,1994,train
2862,1994,train
2863,1994,train
2864,1994,train
2865,1994,train
2866,1994,train
2867,1994,train
2868,1994,train
2869,1994,train
2870,1994,train
2871,1994,train
2872,1994,train
2873,1994,train
2874,1994,train
2875,1994,train
2876,1994,train
2877,1994,train
2878,1994,train
2879,1994,train
2880,1994,train
2881,1994,train
2882,1994,train
2883,1994,train
2884,1994,train
2885,1994,train
2886,1994,train
2887,1994,train
2888,1994,train
2889,1994,train
2890,1994,train
2891,1994,train
2892,1994,train
2893,1994,train
2894,1994,train
2895,1994,train
2896,1994,train
2897,1994,train
2898,1994,train
2899,1994,train
2900,1994,train
2901,1994,train
2902,1994,train
2903,1994,train
2904,1994,train
2905,1994,train
2906,1994,train
2907,1994,train
2908,1994,train
2909,1994,train
2910,1994,train
2911,1994,train
2912,1994,train
2913,1994,train
2914,1994,train
2915,1994,train
2916,1994,train
2917,1994,train
2918,1994,train
2919,1994,train
2920,1994,train
2921,1994,train
2922,1994,train
2923,1994,train
2924,1994,train
2925,1994,train
2926,1994,train
2927,1994,train
2928,1994,train
2929,1994,train
2930,1994,train
2931,1994,train
2932,1994,train
2933,1994,train
2934,1994,train
2935,1994,train
2936,1994,train
2937,1994,train
2938,1994,train
2939,1994,train
2940,1994,train
2941,1994,train
2942,1994,train
2943,1994,train
2944,1994,train
2945,1994,train
2946,1994,train
2947,1994,train
2948,1994,train
2949,1994,train
2950,1994,train
2951,1994,train
2952,1994,train
2953,1994,train
2954,1994,train
2955,1994,train
2956,1994,train
2957,1994,train
2958,1994,train
2959,1994,train
2960,1994,train
2961,1994,train
2962,1994,train
2963,1994,train
2964,1994,train
2965,1994,train
2966,1994,train
2967,1994,train
2968,1994,train
2969,1994,train
2970,1994,train
2971,1994,train
2972,1994,train
2973,1994,train
2974,1994,train
2975,1994,train
2976,1994,train
2977,1994,train
2978,1994,train
2979,1994,train
2980,1994,train
2981,1994,train
2982,1994,train
2983,1994,train
2984,1994,train
2985,1994,train
2986,1994,train
2987,1994,train
2988,1994,train
2989,1994,train
2990,1994,train
2991,1994,train
2992,1994,train
2993,1994,train
2994,1994,train
2995,1994,train
2996,1994,train
2997,1994,train
2998,1994,train
2999,1994,train
3000,1994,train
3001,1994,train
3002,1994,train
3003,1994,train
3004,1994,train
3005,1994,train
3006,1994,train
3007,1994,train
3008,1994,train
3009,1994,train
3010,1994,train
3011,1994,train
3012,1994,train
3013,1994,train
3014,1994,train
3015,1994,train
3016,1994,train
3017,1994,train
3018,1994,train
3019,1994,train
3020,1994,train
3021,1994,train
3022,1994,train
3023,1994,train
3024,1994,train
3025,1994,train
3026,1994,train
3027,1994,train
3028,1994,train
3029,1994,train
3030,1994,train
3031,1994,train
3032,1994,train
3033,1994,train
3034,1994,train
3035,1994,train
3036,1994,train
3037,1994,train
3038,1994,train
3039,1994,train
3040,1994,train
3041,1994,train
3042,1994,train
3043,1994,train
3044,1994,train
3045,1994,train
3046,1994,train
3047,1994,train
3048,1994,train
3049,1994,train
3050,1994,train
3051,1994,train
3052,1994,train
3053,1994,train
3054,1994,train
3055,1994,train
3056,1994,train
3057,1994,train
3058,1994,train
3059,1994,train
3060,1994,train
3061,1994,train
3062,1994,train
3063,1994,train
3064,1994,train
3065,1994,train
3066,1994,train
3067,1994,train
3068,1994,train
3069,1994,train
3070,1994,train
3071,1994,train
3072,1994,train
3073,1994,train
3074,1994,train
3075,1994,train
3076,1994,train
3077,1994,train
3078,1994,train
3079,1994,train
3080,1994,train
3081,1994,train
3082,1994,train
3083,1994,train
3084,1994,train
3085,1994,train
3086,1994,train
3087,1994,train
3088,1994,train
3089,1994,train
3090,1994,train
3091,1994,train
3092,1994,train
3093,1994,train
3094,1994,train
3095,1994,train
3096,1994,train
3097,1994,train
3098,1994,train
3099,1994,train
3100,1994,train
3101,1994,train
3102,1994,train
3103,1994,train
3104,1994,train
3105,1994,train
3106,1994,train
3107,1994,train
3108,1994,train
3109,1994,train
3110,1994,train
3111,1994,train
3112,1994,train
3113,1994,train
3114,1994,train
3115,1994,train
3116,1994,train
3117,1994,train
3118,1994,train
3119,1994,train
3120,1994,train
3121,1994,train
3122,1994,train
3123,1994,train
3124,1994,train
3125,1994,train
3126,1994,train
3127,1994,train
3128,1994,train
3129,1994,train
3130,1994,train
3131,1994,train
3132,1994,train
3133,1994,train
3134,1994,train
3135,1994,train
3136,1994,train
3137,1994,train
3138,1994,train
3139,1994,train
3140,1994,train
3141,1994,train
3142,1994,train
3143,1994,train
3144,1994,train
3145,1994,train
3146,1994,train
3147,1994,train
3148,1994,train
3149,1994,train
3150,1994,train
3151,1994,train
3152,1994,train
3153,1994,train
3154,1994,train
3155,1994,train
3156,1994,train
3157,1994,train
3158,1994,train
3159,1994,train
3160,1994,train
3161,1994,train
3162,1994,train
3163,1994,train
3164,1994,train
3165,1994,train
3166,1994,train
3167,1994,train
3168,1994,train
3169,1994,train
3170,1994,train
3171,1994,train
3172,1994,train
3173,1994,train
3174,1994,train
3175,1994,train
3176,1994,train
3177,1994,train
3178,1994,train
3179,1994,train
3180,1994,train
3181,1994,train
3182,1994,train
3183,1994,train
3184,1994,train
3185,1994,train
3186,1994,train
3187,1994,train
3188,1994,train
3189,1994,train
3190,1994,train
3191,1994,train
3192,1994,train
3193,1994,train
3194,1994,train
3195,1994,train
3196,1994,train
3197,1994,train
3198,1994,train
3199,1994,train
3200,1994,train
3201,1994,train
3202,1994,train
3203,1994,train
3204,1994,train
3205,1994,train
3206,1994,train
3207,1994,train
3208,1994,train
3209,1994,train
3210,1994,train
3211,1994,train
3212,1994,train
3213,1994,train
3214,1994,train
3215,1994,train
3216,1994,train
3217,1994,train
3218,1994,train
3219,1994,train
3220,1994,train
3221,1994,train
3222,1994,train
3223,1994,train
3224,1994,train
3225,1994,train
3226,1994,train
3227,1994,train
3228,1994,train
3229,1994,train
3230,1994,train
3231,1994,train
3232,1994,train
3233,1994,train
3234,1994,train
3235,1994,train
3236,1994,train
3237,1994,train
3238,1994,train
3239,1994,train
3240,1994,train
3241,1994,train
3242,1994,train
3243,1994,train
3244,1994,train
3245,1994,train
3246,1994,train
3247,1994,train
3248,1994,train
3249,1994,train
3250,1994,train
3251,1994,train
3252,1994,train
3253,1994,train
3254,1994,train
3255,1994,train
3256,1994,train
3257,1994,train
3258,1994,train
3259,1994,train
3260,1994,train
3261,1994,train
3262,1994,train
3263,1994,train
3264,1994,train
3265,1994,train
3266,1994,train
3267,1994,train
3268,1994,train
3269,1994,train
3270,1994,train
3271,1994,train
3272,1994,train
3273,1994,train
3274,1994,train
3275,1994,train
3276,1994,train
3277,1994,train
3278,1994,train
3279,1994,train
3280,1994,train
3281,1994,train
3282,1994,train
3283,1994,train
3284,1994,train
3285,1994,train
3286,1994,train
3287,1994,train
3288,1994,train
3289,1994,train
3290,1994,train
3291,1994,train
3292,1994,train
3293,1994,train
3294,1994,train
3295,1994,train
3296,1994,train
3297,1994,train
3298,1994,train
3299,1994,train
3300,1994,train
3301,1994,train
3302,1994,train
3303,1994,train
3304,1994,train
3305,1994,train
3306,1994,train
3307,1994,train
3308,1994,train
3309,1994,train
3310,1994,train
3311,1994,train
3312,1994,train
3313,1994,train
3314,1994,train
3315,1994,train
3316,1994,train
3317,1994,train
3318,1994,train
3319,1994,train
3320,1994,train
3321,1994,train
3322,1994,train
3323,1994,train
3324,1994,train
3325,1994,train
3326,1994,train
3327,1994,train
3328,1994,train
3329,1994,train
3330,1994,train
3331,1994,train
3332,1994,train
3333,1994,train
3334,1994,train
3335,1994,train
3336,1994,train
3337,1994,train
3338,1994,train
3339,1994,train
3340,1994,train
3341,1994,train
3342,1994,train
3343,1994,train
3344,1994,train
3345,1994,train
3346,1994,train
3347,1994,train
3348,1994,train
3349,1994,train
3350,1994,train
3351,1994,train
3352,1994,train
3353,1994,train
3354,1994,train
3355,1994,train
3356,1994,train
3357,1994,train
3358,1994,train
3359,1994,train
3360,1994,train
3361,1994,train
3362,1994,train
3363,1994,train
3364,1994,train
3365,1994,train
3366,1994,train
3367,1994,train
3368,1994,train
3369,1994,train
3370,1994,train
3371,1994,train
3372,1994,train
3373,1994,train
3374,1994,train
3375,1994,train
3376,1994,train
3377,1994,train
3378,1994,train
3379,1994,train
3380,1994,train
3381,1994,train
3382,1994,train
3383,1994,train
3384,1994,train
3385,1994,train
3386,1994,train
3387,1994,train
3388,1994,train
3389,1994,train
3390,1994,train
3391,1994,train
3392,1994,train
3393,1994,train
3394,1994,train
3395,1994,train
3396,1994,train
3397,1994,train
3398,1994,train
3399,1994,train
3400,1994,train
3401,1994,train
3402,1994,train
3403,1994,train
3404,1994,train
3405,1994,train
3406,1994,train
3407,1994,train
3408,1994,train
3409,1994,train
3410,1994,train
3411,1994,train
3412,1994,train
3413,1994,train
3414,1994,train
3415,1994,train
3416,1994,train
3417,1994,train
3418,1994,train
3419,1994,train
3420,1994,train
3421,1994,train
3422,1994,train
3423,1994,train
3424,1994,train
3425,1994,train
3426,1994,train
3427,1994,train
3428,1994,train
3429,1994,train
3430,1994,train
3431,1994,train
3432,1994,train
3433,1994,train
3434,1994,train
3435,1994,train
3436,1994,train
3437,1994,train
3438,1994,train
3439,1994,train
3440,1994,train
3441,1994,train
3442,1994,train
3443,1994,train
3444,1994,train
3445,1994,train
3446,1994,train
3447,1994,train
3448,1994,train
3449,1994,train
3450,1994,train
3451,1994,train
3452,1994,train
3453,1994,train
3454,1994,train
3455,1994,train
3456,1994,train
3457,1994,train
3458,1994,train
3459,1994,train
3460,1994,train
3461,1994,train
3462,1994,train
3463,1994,train
3464,1994,train
3465,1994,train
3466,1994,train
3467,1994,train
3468,1994,train
3469,1994,train
3470,1994,train
3471,1994,train
3472,1994,train
3473,1994,train
3474,1994,train
3475,1994,train
3476,1994,train
3477,1994,train
3478,1994,train
3479,1994,train
3480,1994,train
3481,1994,train
3482,1994,train
3483,1994,train
3484,1994,train
3485,1994,train
3486,1994,train
3487,1994,train
3488,1994,train
3489,1994,train
3490,1994,train
3491,1994,train
3492,1994,train
3493,1994,train
3494,1994,train
3495,1994,train
3496,1994,train
3497,1994,train
3498,1994,train
3499,1994,train
3500,1994,train
3501,1994,train
3502,1994,train
3503,1994,train
3504,1994,train
3505,1994,train
3506,1994,train
3507,1994,train
3508,1994,train
3509,1994,train
3510,1994,train
3511,1994,train
3512,1994,train
3513,1994,train
3514,1994,train
3515,1994,train
3516,1994,train
3517,1994,train
3518,1994,train
3519,1994,train
3520,1994,train
3521,1994,train
3522,1994,train
3523,1994,train
3524,1994,train
3525,1994,train
3526,1994,train
3527,1994,train
3528,1994,train
3529,1994,train
3530,1994,train
3531,1994,train
3532,1994,train
3533,1994,train
3534,1994,train
3535,1994,train
3536,1994,train
3537,1994,train
3538,1994,train
3539,1994,train
3540,1994,train
3541,1994,train
3542,1994,train
3543,1994,train
3544,1994,train
3545,1994,train
3546,1994,train
3547,1994,train
3548,1994,train
3549,1994,train
3550,1994,train
3551,1994,train
3552,1994,train
3553,1994,train
3554,1994,train
3555,1994,train
3556,1994,train
3557,1994,train
3558,1994,train
3559,1994,train
3560,1994,train
3561,1994,train
3562,1994,train
3563,1994,train
3564,1994,train
3565,1994,train
3566,1994,train
3567,1994,train
3568,1994,train
3569,1994,train
3570,1994,train
3571,1994,train
3572,1994,train
3573,1994,train
3574,1994,train
3575,1994,train
3576,1994,train
3577,1994,train
3578,1994,train
3579,1994,train
3580,1994,train
3581,1994,train
3582,1994,train
3583,1994,train
3584,1994,train
3585,1994,train
3586,1994,train
3587,1994,train
3588,1994,train
3589,1994,train
3590,1994,train
3591,1994,train
3592,1994,train
3593,1994,train
3594,1994,train
3595,1994,train
3596,1994,train
3597,1994,train
3598,1994,train
3599,1994,train
3600,1994,train
3601,1994,train
3602,1994,train
3603,1994,train
3604,1994,train
3605,1994,train
3606,1994,train
3607,1994,train
3608,1994,train
3609,1994,train
3610,1994,train
3611,1994,train
3612,1994,train
3613,1994,train
3614,1994,train
3615,1994,train
3616,1994,train
3617,1994,train
3618,1994,train
3619,1994,train
3620,1994,train
3621,1994,train
3622,1994,train
3623,1994,train
3624,1994,train
3625,1994,train
3626,1994,train
3627,1994,train
3628,1994,train
3629,1994,train
3630,1994,train
3631,1994,train
3632,1994,train
3633,1994,train
3634,1994,train
3635,1994,train
3636,1994,train
3637,1994,train
3638,1994,train
3639,1994,train
3640,1994,train
3641,1994,train
3642,1994,train
3643,1994,train
3644,1994,train
3645,1994,train
3646,1994,train
3647,1994,train
3648,1994,train
3649,1994,train
3650,1994,train
3651,1994,train
3652,1994,train
3653,1994,train
3654,1994,train
3655,1994,train
3656,1994,train
3657,1994,train
3658,1994,train
3659,1994,train
3660,1994,train
3661,1994,train
3662,1994,train
3663,1994,train
3664,1994,train
3665,1994,train
3666,1994,train
3667,1994,train
3668,1994,train
3669,1994,train
3670,1994,train
3671,1994,train
3672,1994,train
3673,1994,train
3674,1994,train
3675,1994,train
3676,1994,train
3677,1994,train
3678,1994,train
3679,1994,train
3680,1994,train
3681,1994,train
3682,1994,train
3683,1994,train
3684,1994,train
3685,1994,train
3686,1994,train
3687,1994,train
3688,1994,train
3689,1994,train
3690,1994,train
3691,1994,train
3692,1994,train
3693,1994,train
3694,1994,train
3695,1994,train
3696,1994,train
3697,1994,train
3698,1994,train
3699,1994,train
3700,1994,train
3701,1994,train
3702,1994,train
3703,1994,train
3704,1994,train
3705,1994,train
3706,1994,train
3707,1994,train
3708,1994,train
3709,1994,train
3710,1994,train
3711,1994,train
3712,1994,train
3713,1994,train
3714,1994,train
3715,1994,train
3716,1994,train
3717,1994,train
3718,1994,train
3719,1994,train
3720,1994,train
3721,1994,train
3722,1994,train
3723,1994,train
3724,1994,train
3725,1994,train
3726,1994,train
3727,1994,train
3728,1994,train
3729,1994,train
3730,1994,train
3731,1994,train
3732,1994,train
3733,1994,train
3734,1994,train
3735,1994,train
3736,1994,train
3737,1994,train
3738,1994,train
3739,1994,train
3740,1994,train
3741,1994,train
3742,1994,train
3743,1994,train
3744,1994,train
3745,1994,train
3746,1994,train
3747,1994,train
3748,1994,train
3749,1994,train
3750,1994,train
3751,1994,train
3752,1994,train
3753,1994,train
3754,1994,train
3755,1994,train
3756,1994,train
3757,1994,train
3758,1994,train
3759,1994,train
3760,1994,train
3761,1994,train
3762,1994,train
3763,1994,train
3764,1994,train
3765,1994,train
3766,1994,train
3767,1994,train
3768,1994,train
3769,1994,train
3770,1994,train
3771,1994,train
3772,1994,train
3773,1994,train
3774,1994,train
3775,1994,train
3776,1994,train
3777,1994,train
3778,1994,train
3779,1994,train
3780,1994,train
3781,1994,train
3782,1994,train
3783,1994,train
3784,1994,train
3785,1994,train
3786,1994,train
3787,1994,train
3788,1994,train
3789,1994,train
3790,1994,train
3791,1994,train
3792,1994,train
3793,1994,train
3794,1994,train
3795,1994,train
3796,1994,train
3797,1994,train
3798,1994,train
3799,1994,train
3800,1994,train
3801,1994,train
3802,1994,train
3803,1994,train
3804,1994,train
3805,1994,train
3806,1994,train
3807,1994,train
3808,1994,train
3809,1994,train
3810,1994,train
3811,1994,train
3812,1994,train
3813,1994,train
3814,1994,train
3815,1994,train
3816,1994,train
3817,1994,train
3818,1994,train
3819,1994,train
3820,1994,train
3821,1994,train
3822,1994,train
3823,1994,train
3824,1994,train
3825,1994,train
3826,1994,train
3827,1994,train
3828,1994,train
3829,1994,train
3830,1994,train
3831,1994,train
3832,1994,train
3833,1994,train
3834,1994,train
3835,1994,train
3836,1994,train
3837,1994,train
3838,1994,train
3839,1994,train
3840,1994,train
3841,1994,train
3842,1994,train
3843,1994,train
3844,1994,train
3845,1994,train
3846,1994,train
3847,1994,train
3848,1994,train
3849,1994,train
3850,1994,train
3851,1994,train
3852,1994,train
3853,1994,train
3854,1994,train
3855,1994,train
3856,1994,train
3857,1994,train
3858,1994,train
3859,1994,train
3860,1994,train
3861,1994,train
3862,1994,train
3863,1994,train
3864,1994,train
3865,1994,train
3866,1994,train
3867,1994,train
3868,1994,train
3869,1994,train
3870,1994,train
3871,1994,train
3872,1994,train
3873,1994,train
3874,1994,train
3875,1994,train
3876,1994,train
3877,1994,train
3878,1994,train
3879,1994,train
3880,1994,train
3881,1994,train
3882,1994,train
3883,1994,train
3884,1994,train
3885,1994,train
3886,1994,train
3887,1994,train
3888,1994,train
3889,1994,train
3890,1994,train
3891,1994,train
3892,1994,train
3893,1994,train
3894,1994,train
3895,1994,train
3896,1994,train
3897,1994,train
3898,1994,train
3899,1994,train
3900,1994,train
3901,1994,train
3902,1994,train
3903,1994,train
3904,1994,train
3905,1994,train
3906,1994,train
3907,1994,train
3908,1994,train
3909,1994,train
3910,1994,train
3911,1994,train
3912,1994,train
3913,1994,train
3914,1994,train
3915,1994,train
3916,1994,train
3917,1994,train
3918,1994,train
3919,1994,train
3920,1994,train
3921,1994,train
3922,1994,train
3923,1994,train
3924,1994,train
3925,1994,train
3926,1994,train
3927,1994,train
3928,1994,train
3929,1994,train
3930,1994,train
3931,1994,train
3932,1994,train
3933,1994,train
3934,1994,train
3935,1994,train
3936,1994,train
3937,1994,train
3938,1994,train
3939,1994,train
3940,1994,train
3941,1994,train
3942,1994,train
3943,1994,train
3944,1994,train
3945,1994,train
3946,1994,train
3947,1994,train
3948,1994,train
3949,1994,train
3950,1994,train
3951,1994,train
3952,1994,train
3953,1994,train
3954,1994,train
3955,1994,train
3956,1994,train
3957,1994,train
3958,1994,train
3959,1994,train
3960,1994,train
3961,1994,train
3962,1994,train
3963,1994,train
3964,1994,train
3965,1994,train
3966,1994,train
3967,1994,train
3968,1994,train
3969,1994,train
3970,1994,train
3971,1994,train
3972,1994,train
3973,1994,train
3974,1994,train
3975,1994,train
3976,1994,train
3977,1994,train
3978,1994,train
3979,1994,train
3980,1994,train
3981,1994,train
3982,1994,train
3983,1994,train
3984,1994,train
3985,1994,train
3986,1994,train
3987,1994,train
3988,1994,train
3989,1994,train
3990,1994,train
3991,1994,train
3992,1994,train
3993,1994,train
3994,1994,train
3995,1994,train
3996,1994,train
3997,1994,train
3998,1994,train
3999,1994,train
4000,1994,train
4001,1994,train
4002,1994,train
4003,1994,train
4004,1994,train
4005,1994,train
4006,1994,train
4007,1994,train
4008,1994,train
4009,1994,train
4010,1994,train
4011,1994,train
4012,1994,train
4013,1994,train
4014,1994,train
4015,1994,train
4016,1994,train
4017,1994,train
4018,1994,train
4019,1994,train
4020,1994,train
4021,1994,train
4022,1994,train
4023,1994,train
4024,1994,train
4025,1994,train
4026,1994,train
4027,1994,train
4028,1994,train
4029,1994,train
4030,1994,train
4031,1994,train
4032,1994,train
4033,1994,train
4034,1994,train
4035,1994,train
4036,1994,train
4037,1994,train
4038,1994,train
4039,1994,train
4040,1994,train
4041,1994,train
4042,1994,train
4043,1994,train
4044,1994,train
4045,1994,train
4046,1994,train
4047,1994,train
4048,1994,train
4049,1994,train
4050,1994,train
4051,1994,train
4052,1994,train
4053,1994,train
4054,1994,train
4055,1994,train
4056,1994,train
4057,1994,train
4058,1994,train
4059,1994,train
4060,1994,train
4061,1994,train
4062,1994,train
4063,1994,train
4064,1994,train
4065,1994,train
4066,1994,train
4067,1994,train
4068,1994,train
4069,1994,train
4070,1994,train
4071,1994,train
4072,1994,train
4073,1994,train
4074,1994,train
4075,1994,train
4076,1994,train
4077,1994,train
4078,1994,train
4079,1994,train
4080,1994,train
4081,1994,train
4082,1994,train
4083,1994,train
4084,1994,train
4085,1994,train
4086,1994,train
4087,1994,train
4088,1994,train
4089,1994,train
4090,1994,train
4091,1994,train
4092,1994,train
4093,1994,train
4094,1994,train
4095,1994,train
4096,1994,train
4097,1994,train
4098,1994,train
4099,1994,train
4100,1994,train
4101,1994,train
4102,1994,train
4103,1994,train
4104,1994,train
4105,1994,train
4106,1994,train
4107,1994,train
4108,1994,train
4109,1994,train
4110,1994,train
4111,1994,train
4112,1994,train
4113,1994,train
4114,1994,train
4115,1994,train
4116,1994,train
4117,1994,train
4118,1994,train
4119,1994,train
4120,1994,train
4121,1994,train
4122,1994,train
4123,1994,train
4124,1994,train
4125,1994,train
4126,1994,train
4127,1994,train
4128,1994,train
4129,1994,train
4130,1994,train
4131,1994,train
4132,1994,train
4133,1994,train
4134,1994,train
4135,1994,train
4136,1994,train
4137,1994,train
4138,1994,train
4139,1994,train
4140,1994,train
4141,1994,train
4142,1994,train
4143,1994,train
4144,1994,train
4145,1994,train
4146,1994,train
4147,1994,train
4148,1994,train
4149,1994,train
4150,1994,train
4151,1994,train
4152,1994,train
4153,1994,train
4154,1994,train
4155,1994,train
4156,1994,train
4157,1994,train
4158,1994,train
4159,1994,train
4160,1994,train
4161,1994,train
4162,1994,train
4163,1994,train
4164,1994,train
4165,1994,train
4166,1994,train
4167,1994,train
4168,1994,train
4169,1994,train
4170,1994,train
4171,1994,train
4172,1994,train
4173,1994,train
4174,1994,train
4175,1994,train
4176,1994,train
4177,1994,train
4178,1994,train
4179,1994,train
4180,1994,train
4181,1994,train
4182,1994,train
4183,1994,train
4184,1994,train
4185,1994,train
4186,1994,train
4187,1994,train
4188,1994,train
4189,1994,train
4190,1994,train
4191,1994,train
4192,1994,train
4193,1994,train
4194,1994,train
4195,1994,train
4196,1994,train
4197,1994,train
4198,1994,train
4199,1994,train
4200,1994,train
4201,1994,train
4202,1994,train
4203,1994,train
4204,1994,train
4205,1994,train
4206,1994,train
4207,1994,train
4208,1994,train
4209,1994,train
4210,1994,train
4211,1994,train
4212,1994,train
4213,1994,train
4214,1994,train
4215,1994,train
4216,1994,train
4217,1994,train
4218,1994,train
4219,1994,train
4220,1994,train
4221,1994,train
4222,1994,train
4223,1994,train
4224,1994,train
4225,1994,train
4226,1994,train
4227,1994,train
4228,1994,train
4229,1994,train
4230,1994,train
4231,1994,train
4232,1994,train
4233,1994,train
4234,1994,train
4235,1994,train
4236,1994,train
4237,1994,train
4238,1994,train
4239,1994,train
4240,1994,train
4241,1994,train
4242,1994,train
4243,1994,train
4244,1994,train
4245,1994,train
4246,1994,train
4247,1994,train
4248,1994,train
4249,1994,train
4250,1994,train
4251,1994,train
4252,1994,train
4253,1994,train
4254,1994,train
4255,1994,train
4256,1994,train
4257,1994,train
4258,1994,train
4259,1994,train
4260,1994,train
4261,1994,train
4262,1994,train
4263,1994,train
4264,1994,train
4265,1994,train
4266,1994,train
4267,1994,train
4268,1994,train
4269,1994,train
4270,1994,train
4271,1994,train
4272,1994,train
4273,1994,train
4274,1994,train
4275,1994,train
4276,1994,train
4277,1994,train
4278,1994,train
4279,1994,train
4280,1994,train
4281,1994,train
4282,1994,train
4283,1994,train
4284,1994,train
4285,1994,train
4286,1994,train
4287,1994,train
4288,1994,train
4289,1994,train
4290,1994,train
4291,1994,train
4292,1994,train
4293,1994,train
4294,1994,train
4295,1994,train
4296,1994,train
4297,1994,train
4298,1994,train
4299,1994,train
4300,1994,train
4301,1994,train
4302,1994,train
4303,1994,train
4304,1994,train
4305,1994,train
4306,1994,train
4307,1994,train
4308,1994,train
4309,1994,train
4310,1994,train
4311,1994,train
4312,1994,train
4313,1994,train
4314,1994,train
4315,1994,train
4316,1994,train
4317,1994,train
4318,1994,train
4319,1994,train
4320,1994,train
4321,1994,train
4322,1994,train
4323,1994,train
4324,1994,train
4325,1994,train
4326,1994,train
4327,1994,train
4328,1994,train
4329,1994,train
4330,1994,train
4331,1994,train
4332,1994,train
4333,1994,train
4334,1994,train
4335,1994,train
4336,1994,train
4337,1994,train
4338,1994,train
4339,1994,train
4340,1994,train
4341,1994,train
4342,1994,train
4343,1994,train
4344,1994,train
4345,1994,train
4346,1994,train
4347,1994,train
4348,1994,train
4349,1994,train
4350,1994,train
4351,1994,train
4352,1994,train
4353,1994,train
4354,1994,train
4355,1994,train
4356,1994,train
4357,1994,train
4358,1994,train
4359,1994,train
4360,1994,train
4361,1994,train
4362,1994,train
4363,1994,train
4364,1994,train
4365,1994,train
4366,1994,train
4367,1994,train
4368,1994,train
4369,1994,train
4370,1994,train
4371,1994,train
4372,1994,train
4373,1994,train
4374,1994,train
4375,1994,train
4376,1994,train
4377,1994,train
4378,1994,train
4379,1994,train
4380,1994,train
4381,1994,train
4382,1994,train
4383,1994,train
4384,1994,train
4385,1994,train
4386,1994,train
4387,1994,train
4388,1994,train
4389,1994,train
4390,1994,train
4391,1994,train
4392,1994,train
4393,1994,train
4394,1994,train
4395,1994,train
4396,1994,train
4397,1994,train
4398,1994,train
4399,1994,train
4400,1994,train
4401,1994,train
4402,1994,train
4403,1994,train
4404,1994,train
4405,1994,train
4406,1994,train
4407,1994,train
4408,1994,train
4409,1994,train
4410,1994,train
4411,1994,train
4412,1994,train
4413,1994,train
4414,1994,train
4415,1994,train
4416,1994,train
4417,1994,train
4418,1994,train
4419,1994,train
4420,1994,train
4421,1994,train
4422,1994,train
4423,1994,train
4424,1994,train
4425,1994,train
4426,1994,train
4427,1994,train
4428,1994,train
4429,1994,train
4430,1994,train
4431,1994,train
4432,1994,train
4433,1994,train
4434,1994,train
4435,1994,train
4436,1994,train
4437,1994,train
4438,1994,train
4439,1994,train
4440,1994,train
4441,1994,train
4442,1994,train
4443,1994,train
4444,1994,train
4445,1994,train
4446,1994,train
4447,1994,train
4448,1994,train
4449,1994,train
4450,1994,train
4451,1994,train
4452,1994,train
4453,1994,train
4454,1994,train
4455,1994,train
4456,1994,train
4457,1994,train
4458,1994,train
4459,1994,train
4460,1994,train
4461,1994,train
4462,1994,train
4463,1994,train
4464,1994,train
4465,1994,train
4466,1994,train
4467,1994,train
4468,1994,train
4469,1994,train
4470,1994,train
4471,1994,train
4472,1994,train
4473,1994,train
4474,1994,train
4475,1994,train
4476,1994,train
4477,1994,train
4478,1994,train
4479,1994,train
4480,1994,train
4481,1994,train
4482,1994,train
4483,1994,train
4484,1994,train
4485,1994,train
4486,1994,train
4487,1994,train
4488,1994,train
4489,1994,train
4490,1994,train
4491,1994,train
4492,1994,train
4493,1994,train
4494,1994,train
4495,1994,train
4496,1994,train
4497,1994,train
4498,1994,train
4499,1994,train
4500,1994,train
4501,1994,train
4502,1994,train
4503,1994,train
4504,1994,train
4505,1994,train
4506,1994,train
4507,1994,train
4508,1994,train
4509,1994,train
4510,1994,train
4511,1994,train
4512,1994,train
4513,1994,train
4514,1994,train
4515,1994,train
4516,1994,train
4517,1994,train
4518,1994,train
4519,1994,train
4520,1994,train
4521,1994,train
4522,1994,train
4523,1994,train
4524,1994,train
4525,1994,train
4526,1994,train
4527,1994,train
4528,1994,train
4529,1994,train
4530,1994,train
4531,1994,train
4532,1994,train
4533,1994,train
4534,1994,train
4535,1994,train
4536,1994,train
4537,1994,train
4538,1994,train
4539,1994,train
4540,1994,train
4541,1994,train
4542,1994,train
4543,1994,train
4544,1994,train
4545,1994,train
4546,1994,train
4547,1994,train
4548,1994,train
4549,1994,train
4550,1994,train
4551,1994,train
4552,1994,train
4553,1994,train
4554,1994,train
4555,1994,train
4556,1994,train
4557,1994,train
4558,1994,train
4559,1994,train
4560,1994,train
4561,1994,train
4562,1994,train
4563,1994,train
4564,1994,train
4565,1994,train
4566,1994,train
4567,1994,train
4568,1994,train
4569,1994,train
4570,1994,train
4571,1994,train
4572,1994,train
4573,1994,train
4574,1994,train
4575,1994,train
4576,1994,train
4577,1994,train
4578,1994,train
4579,1994,train
4580,1994,train
4581,1994,train
4582,1994,train
4583,1994,train
4584,1994,train
4585,1994,train
4586,1994,train
4587,1994,train
4588,1994,train
4589,1994,train
4590,1994,train
4591,1994,train
4592,1994,train
4593,1994,train
4594,1994,train
4595,1994,train
4596,1994,train
4597,1994,train
4598,1994,train
4599,1994,train
4600,1994,train
4601,1994,train
4602,1994,train
4603,1994,train
4604,1994,train
4605,1994,train
4606,1994,train
4607,1994,train
4608,1994,train
4609,1994,train
4610,1994,train
4611,1994,train
4612,1994,train
4613,1994,train
4614,1994,train
4615,1994,train
4616,1994,train
4617,1994,train
4618,1994,train
4619,1994,train
4620,1994,train
4621,1994,train
4622,1994,train
4623,1994,train
4624,1994,train
4625,1994,train
4626,1994,train
4627,1994,train
4628,1994,train
4629,1994,train
4630,1994,train
4631,1994,train
4632,1994,train
4633,1994,train
4634,1994,train
4635,1994,train
4636,1994,train
4637,1994,train
4638,1994,train
4639,1994,train
4640,1994,train
4641,1994,train
4642,1994,train
4643,1994,train
4644,1994,train
4645,1994,train
4646,1994,train
4647,1994,train
4648,1994,train
4649,1994,train
4650,1994,train
4651,1994,train
4652,1994,train
4653,1994,train
4654,1994,train
4655,1994,train
4656,1994,train
4657,1994,train
4658,1994,train
4659,1994,train
4660,1994,train
4661,1994,train
4662,1994,train
4663,1994,train
4664,1994,train
4665,1994,train
4666,1994,train
4667,1994,train
4668,1994,train
4669,1994,train
4670,1994,train
4671,1994,train
4672,1994,train
4673,1994,train
4674,1994,train
4675,1994,train
4676,1994,train
4677,1994,train
4678,1994,train
4679,1994,train
4680,1994,train
4681,1994,train
4682,1994,train
4683,1994,train
4684,1994,train
4685,1994,train
4686,1994,train
4687,1994,train
4688,1994,train
4689,1994,train
4690,1994,train
4691,1994,train
4692,1994,train
4693,1994,train
4694,1994,train
4695,1994,train
4696,1994,train
4697,1994,train
4698,1994,train
4699,1994,train
4700,1994,train
4701,1994,train
4702,1994,train
4703,1994,train
4704,1994,train
4705,1994,train
4706,1994,train
4707,1994,train
4708,1994,train
4709,1994,train
4710,1994,train
4711,1994,train
4712,1994,train
4713,1994,train
4714,1994,train
4715,1994,train
4716,1994,train
4717,1994,train
4718,1994,train
4719,1994,train
4720,1994,train
4721,1994,train
4722,1994,train
4723,1994,train
4724,1994,train
4725,1994,train
4726,1994,train
4727,1994,train
4728,1994,train
4729,1994,train
4730,1994,train
4731,1994,train
4732,1994,train
4733,1994,train
4734,1994,train
4735,1994,train
4736,1994,train
4737,1994,train
4738,1994,train
4739,1994,train
4740,1994,train
4741,1994,train
4742,1994,train
4743,1994,train
4744,1994,train
4745,1994,train
4746,1994,train
4747,1994,train
4748,1994,train
4749,1994,train
4750,1994,train
4751,1994,train
4752,1994,train
4753,1994,train
4754,1994,train
4755,1994,train
4756,1994,train
4757,1994,train
4758,1994,train
4759,1994,train
4760,1994,train
4761,1994,train
4762,1994,train
4763,1994,train
4764,1994,train
4765,1994,train
4766,1994,train
4767,1994,train
4768,1994,train
4769,1994,train
4770,1994,train
4771,1994,train
4772,1994,train
4773,1994,train
4774,1994,train
4775,1994,train
4776,1994,train
4777,1994,train
4778,1994,train
4779,1994,train
4780,1994,train
4781,1994,train
4782,1994,train
4783,1994,train
4784,1994,train
4785,1994,train
4786,1994,train
4787,1994,train
4788,1994,train
4789,1994,train
4790,1994,train
4791,1994,train
4792,1994,train
4793,1994,train
4794,1994,train
4795,1994,train
4796,1994,train
4797,1994,train
4798,1994,train
4799,1994,train
4800,1994,train
4801,1994,train
4802,1994,train
4803,1994,train
4804,1994,train
4805,1994,train
4806,1994,train
4807,1994,train
4808,1994,train
4809,1994,train
4810,1994,train
4811,1994,train
4812,1994,train
4813,1994,train
4814,1994,train
4815,1994,train
4816,1994,train
4817,1994,train
4818,1994,train
4819,1994,train
4820,1994,train
4821,1994,train
4822,1994,train
4823,1994,train
4824,1994,train
4825,1994,train
4826,1994,train
4827,1994,train
4828,1994,train
4829,1994,train
4830,1994,train
4831,1994,train
4832,1994,train
4833,1994,train
4834,1994,train
4835,1994,train
4836,1994,train
4837,1994,train
4838,1994,train
4839,1994,train
4840,1994,train
4841,1994,train
4842,1994,train
4843,1994,train
4844,1994,train
4845,1994,train
4846,1994,train
4847,1994,train
4848,1994,train
4849,1994,train
4850,1994,train
4851,1994,train
4852,1994,train
4853,1994,train
4854,1994,train
4855,1994,train
4856,1994,train
4857,1994,train
4858,1994,train
4859,1994,train
4860,1994,train
4861,1994,train
4862,1994,train
4863,1994,train
4864,1994,train
4865,1994,train
4866,1994,train
4867,1994,train
4868,1994,train
4869,1994,train
4870,1994,train
4871,1994,train
4872,1994,train
4873,1994,train
4874,1994,train
4875,1994,train
4876,1994,train
4877,1994,train
4878,1994,train
4879,1994,train
4880,1994,train
4881,1994,train
4882,1994,train
4883,1994,train
4884,1994,train
4885,1994,train
4886,1994,train
4887,1994,train
4888,1994,train
4889,1994,train
4890,1994,train
4891,1994,train
4892,1994,train
4893,1994,train
4894,1994,train
4895,1994,train
4896,1994,train
4897,1994,train
4898,1994,train
4899,1994,train
4900,1994,train
4901,1994,train
4902,1994,train
4903,1994,train
4904,1994,train
4905,1994,train
4906,1994,train
4907,1994,train
4908,1994,train
4909,1994,train
4910,1994,train
4911,1994,train
4912,1994,train
4913,1994,train
4914,1994,train
4915,1994,train
4916,1994,train
4917,1994,train
4918,1994,train
4919,1994,train
4920,1994,train
4921,1994,train
4922,1994,train
4923,1994,train
4924,1994,train
4925,1994,train
4926,1994,train
4927,1994,train
4928,1994,train
4929,1994,train
4930,1994,train
4931,1994,train
4932,1994,train
4933,1994,train
4934,1994,train
4935,1994,train
4936,1994,train
4937,1994,train
4938,1994,train
4939,1994,train
4940,1994,train
4941,1994,train
4942,1994,train
4943,1994,train
4944,1994,train
4945,1994,train
4946,1994,train
4947,1994,train
4948,1994,train
4949,1994,train
4950,1994,train
4951,1994,train
4952,1994,train
4953,1994,train
4954,1994,train
4955,1994,train
4956,1994,train
4957,1994,train
4958,1994,train
4959,1994,train
4960,1994,train
4961,1994,train
4962,1994,train
4963,1994,train
4964,1994,train
4965,1994,train
4966,1994,train
4967,1994,train
4968,1994,train
4969,1994,train
4970,1994,train
4971,1994,train
4972,1994,train
4973,1994,train
4974,1994,train
4975,1994,train
4976,1994,train
4977,1994,train
4978,1994,train
4979,1994,train
4980,1994,train
4981,1994,train
4982,1994,train
4983,1994,train
4984,1994,train
4985,1994,train
4986,1994,train
4987,1994,train
4988,1994,train
4989,1994,train
4990,1994,train
4991,1994,train
4992,1994,train
4993,1994,train
4994,1994,train
4995,1994,train
4996,1994,train
4997,1994,train
4998,1994,train
4999,1994,train
5000,1994,train
5001,1994,train
5002,1994,train
5003,1994,train
5004,1994,train
5005,1994,train
5006,1994,train
5007,1994,train
5008,1994,train
5009,1994,train
5010,1994,train
5011,1994,train
5012,1994,train
5013,1994,train
5014,1994,train
5015,1994,train
5016,1994,train
5017,1994,train
5018,1994,train
5019,1994,train
5020,1994,train
5021,1994,train
5022,1994,train
5023,1994,train
5024,1994,train
5025,1994,train
5026,1994,train
5027,1994,train
5028,1994,train
5029,1994,train
5030,1994,train
5031,1994,train
5032,1994,train
5033,1994,train
5034,1994,train
5035,1994,train
5036,1994,train
5037,1994,train
5038,1994,train
5039,1994,train
5040,1994,train
5041,1994,train
5042,1994,train
5043,1994,train
5044,1994,train
5045,1994,train
5046,1994,train
5047,1994,train
5048,1994,train
5049,1994,train
5050,1994,train
5051,1994,train
5052,1994,train
5053,1994,train
5054,1994,train
5055,1994,train
5056,1994,train
5057,1994,train
5058,1994,train
5059,1994,train
5060,1994,train
5061,1994,train
5062,1994,train
5063,1994,train
5064,1994,train
5065,1994,train
5066,1994,train
5067,1994,train
5068,1994,train
5069,1994,train
5070,1994,train
5071,1994,train
5072,1994,train
5073,1994,train
5074,1994,train
5075,1994,train
5076,1994,train
5077,1994,train
5078,1994,train
5079,1994,train
5080,1994,train
5081,1994,train
5082,1994,train
5083,1994,train
5084,1994,train
5085,1994,train
5086,1994,train
5087,1994,train
5088,1994,train
5089,1994,train
5090,1994,train
5091,1994,train
5092,1994,train
5093,1994,train
5094,1994,train
5095,1994,train
5096,1994,train
5097,1994,train
5098,1994,train
5099,1994,train
5100,1994,train
5101,1994,train
5102,1994,train
5103,1994,train
5104,1994,train
5105,1994,train
5106,1994,train
5107,1994,train
5108,1994,train
5109,1994,train
5110,1994,train
5111,1994,train
5112,1994,train
5113,1994,train
5114,1994,train
5115,1994,train
5116,1994,train
5117,1994,train
5118,1994,train
5119,1994,train
5120,1994,train
5121,1994,train
5122,1994,train
5123,1994,train
5124,1994,train
5125,1994,train
5126,1994,train
5127,1994,train
5128,1994,train
5129,1994,train
5130,1994,train
5131,1994,train
5132,1994,train
5133,1994,train
5134,1994,train
5135,1994,train
5136,1994,train
5137,1994,train
5138,1994,train
5139,1994,train
5140,1994,train
5141,1994,train
5142,1994,train
5143,1994,train
5144,1994,train
5145,1994,train
5146,1994,train
5147,1994,train
5148,1994,train
5149,1994,train
5150,1994,train
5151,1994,train
5152,1994,train
5153,1994,train
5154,1994,train
5155,1994,train
5156,1994,train
5157,1994,train
5158,1994,train
5159,1994,train
5160,1994,train
5161,1994,train
5162,1994,train
5163,1994,train
5164,1994,train
5165,1994,train
5166,1994,train
5167,1994,train
5168,1994,train
5169,1994,train
5170,1994,train
5171,1994,train
5172,1994,train
5173,1994,train
5174,1994,train
5175,1994,train
5176,1994,train
5177,1994,train
5178,1994,train
5179,1994,train
5180,1994,train
5181,1994,train
5182,1994,train
5183,1994,train
5184,1994,train
5185,1994,train
5186,1994,train
5187,1994,train
5188,1994,train
5189,1994,train
5190,1994,train
5191,1994,train
5192,1994,train
5193,1994,train
5194,1994,train
5195,1994,train
5196,1994,train
5197,1994,train
5198,1994,train
5199,1994,train
5200,1994,train
5201,1994,train
5202,1994,train
5203,1994,train
5204,1994,train
5205,1994,train
5206,1994,train
5207,1994,train
5208,1994,train
5209,1994,train
5210,1994,train
5211,1994,train
5212,1994,train
5213,1994,train
5214,1994,train
5215,1994,train
5216,1994,train
5217,1994,train
5218,1994,train
5219,1994,train
5220,1994,train
5221,1994,train
5222,1994,train
5223,1994,train
5224,1994,train
5225,1994,train
5226,1994,train
5227,1994,train
5228,1994,train
5229,1994,train
5230,1994,train
5231,1994,train
5232,1994,train
5233,1994,train
5234,1994,train
5235,1994,train
5236,1994,train
5237,1994,train
5238,1994,train
5239,1994,train
5240,1994,train
5241,1994,train
5242,1994,train
5243,1994,train
5244,1994,train
5245,1994,train
5246,1994,train
5247,1994,train
5248,1994,train
5249,1994,train
5250,1994,train
5251,1994,train
5252,1994,train
5253,1994,train
5254,1994,train
5255,1994,train
5256,1994,train
5257,1994,train
5258,1994,train
5259,1994,train
5260,1994,train
5261,1994,train
5262,1994,train
5263,1994,train
5264,1994,train
5265,1994,train
5266,1994,train
5267,1994,train
5268,1994,train
5269,1994,train
5270,1994,train
5271,1994,train
5272,1994,train
5273,1994,train
5274,1994,train
5275,1994,train
5276,1994,train
5277,1994,train
5278,1994,train
5279,1994,train
5280,1994,train
5281,1994,train
5282,1994,train
5283,1994,train
5284,1994,train
5285,1994,train
5286,1994,train
5287,1994,train
5288,1994,train
5289,1994,train
5290,1994,train
5291,1994,train
5292,1994,train
5293,1994,train
5294,1994,train
5295,1994,train
5296,1994,train
5297,1994,train
5298,1994,train
5299,1994,train
5300,1994,train
5301,1994,train
5302,1994,train
5303,1994,train
5304,1994,train
5305,1994,train
5306,1994,train
5307,1994,train
5308,1994,train
5309,1994,train
5310,1994,train
5311,1994,train
5312,1994,train
5313,1994,train
5314,1994,train
5315,1994,train
5316,1994,train
5317,1994,train
5318,1994,train
5319,1994,train
5320,1994,train
5321,1994,train
5322,1994,train
5323,1994,train
5324,1994,train
5325,1994,train
5326,1994,train
5327,1994,train
5328,1994,train
5329,1994,train
5330,1994,train
5331,1994,train
5332,1994,train
5333,1994,train
5334,1994,train
5335,1994,train
5336,1994,train
5337,1994,train
5338,1994,train
5339,1994,train
5340,1994,train
5341,1994,train
5342,1994,train
5343,1994,train
5344,1994,train
5345,1994,train
5346,1994,train
5347,1994,train
5348,1994,train
5349,1994,train
5350,1994,train
5351,1994,train
5352,1994,train
5353,1994,train
5354,1994,train
5355,1994,train
5356,1994,train
5357,1994,train
5358,1994,train
5359,1994,train
5360,1994,train
5361,1994,train
5362,1994,train
5363,1994,train
5364,1994,train
5365,1994,train
5366,1994,train
5367,1994,train
5368,1994,train
5369,1994,train
5370,1994,train
5371,1994,train
5372,1994,train
5373,1994,train
5374,1994,train
5375,1994,train
5376,1994,train
5377,1994,train
5378,1994,train
5379,1994,train
5380,1994,train
5381,1994,train
5382,1994,train
5383,1994,train
5384,1994,train
5385,1994,train
5386,1994,train
5387,1994,train
5388,1994,train
5389,1994,train
5390,1994,train
5391,1994,train
5392,1994,train
5393,1994,train
5394,1994,train
5395,1994,train
5396,1994,train
5397,1994,train
5398,1994,train
5399,1994,train
5400,1994,train
5401,1994,train
5402,1994,train
5403,1994,train
5404,1994,train
5405,1994,train
5406,1994,train
5407,1994,train
5408,1994,train
5409,1994,train
5410,1994,train
5411,1994,train
5412,1994,train
5413,1994,train
5414,1994,train
5415,1994,train
5416,1994,train
5417,1994,train
5418,1994,train
5419,1994,train
5420,1994,train
5421,1994,train
5422,1994,train
5423,1994,train
5424,1994,train
5425,1994,train
5426,1994,train
5427,1994,train
5428,1994,train
5429,1994,train
5430,1994,train
5431,1994,train
5432,1994,train
5433,1994,train
5434,1994,train
5435,1994,train
5436,1994,train
5437,1994,train
5438,1994,train
5439,1994,train
5440,1994,train
5441,1994,train
5442,1994,train
5443,1994,train
5444,1994,train
5445,1994,train
5446,1994,train
5447,1994,train
5448,1994,train
5449,1994,train
5450,1994,train
5451,1994,train
5452,1994,train
5453,1994,train
5454,1994,train
5455,1994,train
5456,1994,train
5457,1994,train
5458,1994,train
5459,1994,train
5460,1994,train
5461,1994,train
5462,1994,train
5463,1994,train
5464,1994,train
5465,1994,train
5466,1994,train
5467,1994,train
5468,1994,train
5469,1994,train
5470,1994,train
5471,1994,train
5472,1994,train
5473,1994,train
5474,1994,train
5475,1994,train
5476,1994,train
5477,1994,train
5478,1994,train
5479,1994,train
5480,1994,train
5481,1994,train
5482,1994,train
5483,1994,train
5484,1994,train
5485,1994,train
5486,1994,train
5487,1994,train
5488,1994,train
5489,1994,train
5490,1994,train
5491,1994,train
5492,1994,train
5493,1994,train
5494,1994,train
5495,1994,train
5496,1994,train
5497,1994,train
5498,1994,train
5499,1994,train
5500,1994,train
5501,1994,train
5502,1994,train
5503,1994,train
5504,1994,train
5505,1994,train
5506,1994,train
5507,1994,train
5508,1994,train
5509,1994,train
5510,1994,train
5511,1994,train
5512,1994,train
5513,1994,train
5514,1994,train
5515,1994,train
5516,1994,train
5517,1994,train
5518,1994,train
5519,1994,train
5520,1994,train
5521,1994,train
5522,1994,train
5523,1994,train
5524,1994,train
5525,1994,train
5526,1994,train
5527,1994,train
5528,1994,train
5529,1994,train
5530,1994,train
5531,1994,train
5532,1994,train
5533,1994,train
5534,1994,train
5535,1994,train
5536,1994,train
5537,1994,train
5538,1994,train
5539,1994,train
5540,1994,train
5541,1994,train
5542,1994,train
5543,1994,train
5544,1994,train
5545,1994,train
5546,1994,train
5547,1994,train
5548,1994,train
5549,1994,train
5550,1994,train
5551,1994,train
5552,1994,train
5553,1994,train
5554,1994,train
5555,1994,train
5556,1994,train
5557,1994,train
5558,1994,train
5559,1994,train
5560,1994,train
5561,1994,train
5562,1994,train
5563,1994,train
5564,1994,train
5565,1994,train
5566,1994,train
5567,1994,train
5568,1994,train
5569,1994,train
5570,1994,train
5571,1994,train
5572,1994,train
5573,1994,train
5574,1994,train
5575,1994,train
5576,1994,train
5577,1994,train
5578,1994,train
5579,1994,train
5580,1994,train
5581,1994,train
5582,1994,train
5583,1994,train
5584,1994,train
5585,1994,train
5586,1994,train
5587,1994,train
5588,1994,train
5589,1994,train
5590,1994,train
5591,1994,train
5592,1994,train
5593,1994,train
5594,1994,train
5595,1994,train
5596,1994,train
5597,1994,train
5598,1994,train
5599,1994,train
5600,1994,train
5601,1994,train
5602,1994,train
5603,1994,train
5604,1994,train
5605,1994,train
5606,1994,train
5607,1994,train
5608,1994,train
5609,1994,train
5610,1994,train
5611,1994,train
5612,1994,train
5613,1994,train
5614,1994,train
5615,1994,train
5616,1994,train
5617,1994,train
5618,1994,train
5619,1994,train
5620,1994,train
5621,1994,train
5622,1994,train
5623,1994,train
5624,1994,train
5625,1994,train
5626,1994,train
5627,1994,train
5628,1994,train
5629,1994,train
5630,1994,train
5631,1994,train
5632,1994,train
5633,1994,train
5634,1994,train
5635,1994,train
5636,1994,train
5637,1994,train
5638,1994,train
5639,1994,train
5640,1994,train
5641,1994,train
5642,1994,train
5643,1994,train
5644,1994,train
5645,1994,train
5646,1994,train
5647,1994,train
5648,1994,train
5649,1994,train
5650,1994,train
5651,1994,train
5652,1994,train
5653,1994,train
5654,1994,train
5655,1994,train
5656,1994,train
5657,1994,train
5658,1994,train
5659,1994,train
5660,1994,train
5661,1994,train
5662,1994,train
5663,1994,train
5664,1994,train
5665,1994,train
5666,1994,train
5667,1994,train
5668,1994,train
5669,1994,train
5670,1994,train
5671,1994,train
5672,1994,train
5673,1994,train
5674,1994,train
5675,1994,train
5676,1994,train
5677,1994,train
5678,1994,train
5679,1994,train
5680,1994,train
5681,1994,train
5682,1994,train
5683,1994,train
5684,1994,train
5685,1994,train
5686,1994,train
5687,1994,train
5688,1994,train
5689,1994,train
5690,1994,train
5691,1994,train
5692,1994,train
5693,1994,train
5694,1994,train
5695,1994,train
5696,1994,train
5697,1994,train
5698,1994,train
5699,1994,train
5700,1994,train
5701,1994,train
5702,1994,train
5703,1994,train
5704,1994,train
5705,1994,train
5706,1994,train
5707,1994,train
5708,1994,train
5709,1994,train
5710,1994,train
5711,1994,train
5712,1994,train
5713,1994,train
5714,1994,train
5715,1994,train
5716,1994,train
5717,1994,train
5718,1994,train
5719,1994,train
5720,1994,train
5721,1994,train
5722,1994,train
5723,1994,train
5724,1994,train
5725,1994,train
5726,1994,train
5727,1994,train
5728,1994,train
5729,1994,train
5730,1994,train
5731,1994,train
5732,1994,train
5733,1994,train
5734,1994,train
5735,1994,train
5736,1994,train
5737,1994,train
5738,1994,train
5739,1994,train
5740,1994,train
5741,1994,train
5742,1994,train
5743,1994,train
5744,1994,train
5745,1994,train
5746,1994,train
5747,1994,train
5748,1994,train
5749,1994,train
5750,1994,train
5751,1994,train
5752,1994,train
5753,1994,train
5754,1994,train
5755,1994,train
5756,1994,train
5757,1994,train
5758,1994,train
5759,1994,train
5760,1994,train
5761,1994,train
5762,1994,train
5763,1994,train
5764,1994,train
5765,1994,train
5766,1994,train
5767,1994,train
5768,1994,train
5769,1994,train
5770,1994,train
5771,1994,train
5772,1994,train
5773,1994,train
5774,1994,train
5775,1994,train
5776,1994,train
5777,1994,train
5778,1994,train
5779,1994,train
5780,1994,train
5781,1994,train
5782,1994,train
5783,1994,train
5784,1994,train
5785,1994,train
5786,1994,train
5787,1994,train
5788,1994,train
5789,1994,train
5790,1994,train
5791,1994,train
5792,1994,train
5793,1994,train
5794,1994,train
5795,1994,train
5796,1994,train
5797,1994,train
5798,1994,train
5799,1994,train
5800,1994,train
5801,1994,train
5802,1994,train
5803,1994,train
5804,1994,train
5805,1994,train
5806,1994,train
5807,1994,train
5808,1994,train
5809,1994,train
5810,1994,train
5811,1994,train
5812,1994,train
5813,1994,train
5814,1994,train
5815,1994,train
5816,1994,train
5817,1994,train
5818,1994,train
5819,1994,train
5820,1994,train
5821,1994,train
5822,1994,train
5823,1994,train
5824,1994,train
5825,1994,train
5826,1994,train
5827,1994,train
5828,1994,train
5829,1994,train
5830,1994,train
5831,1994,train
5832,1994,train
5833,1994,train
5834,1994,train
5835,1994,train
5836,1994,train
5837,1994,train
5838,1994,train
5839,1994,train
5840,1994,train
5841,1994,train
5842,1994,train
5843,1994,train
5844,1994,train
5845,1994,train
5846,1994,train
5847,1994,train
5848,1994,train
5849,1994,train
5850,1994,train
5851,1994,train
5852,1994,train
5853,1994,train
5854,1994,train
5855,1994,train
5856,1994,train
5857,1994,train
5858,1994,train
5859,1994,train
5860,1994,train
5861,1994,train
5862,1994,train
5863,1994,train
5864,1994,train
5865,1994,train
5866,1994,train
5867,1994,train
5868,1994,train
5869,1994,train
5870,1994,train
5871,1994,train
5872,1994,train
5873,1994,train
5874,1994,train
5875,1994,train
5876,1994,train
5877,1994,train
5878,1994,train
5879,1994,train
5880,1994,train
5881,1994,train
5882,1994,train
5883,1994,train
5884,1994,train
5885,1994,train
5886,1994,train
5887,1994,train
5888,1994,train
5889,1994,train
5890,1994,train
5891,1994,train
5892,1994,train
5893,1994,train
5894,1994,train
5895,1994,train
5896,1994,train
5897,1994,train
5898,1994,train
5899,1994,train
5900,1994,train
5901,1994,train
5902,1994,train
5903,1994,train
5904,1994,train
5905,1994,train
5906,1994,train
5907,1994,train
5908,1994,train
5909,1994,train
5910,1994,train
5911,1994,train
5912,1994,train
5913,1994,train
5914,1994,train
5915,1994,train
5916,1994,train
5917,1994,train
5918,1994,train
5919,1994,train
5920,1994,train
5921,1994,train
5922,1994,train
5923,1994,train
5924,1994,train
5925,1994,train
5926,1994,train
5927,1994,train
5928,1994,train
5929,1994,train
5930,1994,train
5931,1994,train
5932,1994,train
5933,1994,train
5934,1994,train
5935,1994,train
5936,1994,train
5937,1994,train
5938,1994,train
5939,1994,train
5940,1994,train
5941,1994,train
5942,1994,train
5943,1994,train
5944,1994,train
5945,1994,train
5946,1994,train
5947,1994,train
5948,1994,train
5949,1994,train
5950,1994,train
5951,1994,train
5952,1994,train
5953,1994,train
5954,1994,train
5955,1994,train
5956,1994,train
5957,1994,train
5958,1994,train
5959,1994,train
5960,1994,train
5961,1994,train
5962,1994,train
5963,1994,train
5964,1994,train
5965,1994,train
5966,1994,train
5967,1994,train
5968,1994,train
5969,1994,train
5970,1994,train
5971,1994,train
5972,1994,train
5973,1994,train
5974,1994,train
5975,1994,train
5976,1994,train
5977,1994,train
5978,1994,train
5979,1994,train
5980,1994,train
5981,1994,train
5982,1994,train
5983,1994,train
5984,1994,train
5985,1994,train
5986,1994,train
5987,1994,train
5988,1994,train
5989,1994,train
5990,1994,train
5991,1994,train
5992,1994,train
5993,1994,train
5994,1994,train
5995,1994,train
5996,1994,train
5997,1994,train
5998,1994,train
5999,1994,train
6000,1994,train
6001,1994,train
6002,1994,train
6003,1994,train
6004,1994,train
6005,1994,train
6006,1994,train
6007,1994,train
6008,1994,train
6009,1994,train
6010,1994,train
6011,1994,train
6012,1994,train
6013,1994,train
6014,1994,train
6015,1994,train
6016,1994,train
6017,1994,train
6018,1994,train
6019,1994,train
6020,1994,train
6021,1994,train
6022,1994,train
6023,1994,train
6024,1994,train
6025,1994,train
6026,1994,train
6027,1994,train
6028,1994,train
6029,1994,train
6030,1994,train
6031,1994,train
6032,1994,train
6033,1994,train
6034,1994,train
6035,1994,train
6036,1994,train
6037,1994,train
6038,1994,train
6039,1994,train
6040,1994,train
6041,1994,train
6042,1994,train
6043,1994,train
6044,1994,train
6045,1994,train
6046,1994,train
6047,1994,train
6048,1994,train
6049,1994,train
6050,1994,train
6051,1994,train
6052,1994,train
6053,1994,train
6054,1994,train
6055,1994,train
6056,1994,train
6057,1994,train
6058,1994,train
6059,1994,train
6060,1994,train
6061,1994,train
6062,1994,train
6063,1994,train
6064,1994,train
6065,1994,train
6066,1994,train
6067,1994,train
6068,1994,train
6069,1994,train
6070,1994,train
6071,1994,train
6072,1994,train
6073,1994,train
6074,1994,train
6075,1994,train
6076,1994,train
6077,1994,train
6078,1994,train
6079,1994,train
6080,1994,train
6081,1994,train
6082,1994,train
6083,1994,train
6084,1994,train
6085,1994,train
6086,1994,train
6087,1994,train
6088,1994,train
6089,1994,train
6090,1994,train
6091,1994,train
6092,1994,train
6093,1994,train
6094,1994,train
6095,1994,train
6096,1994,train
6097,1994,train
6098,1994,train
6099,1994,train
6100,1994,train
6101,1994,train
6102,1994,train
6103,1994,train
6104,1994,train
6105,1994,train
6106,1994,train
6107,1994,train
6108,1994,train
6109,1994,train
6110,1994,train
6111,1994,train
6112,1994,train
6113,1994,train
6114,1994,train
6115,1994,train
6116,1994,train
6117,1994,train
6118,1994,train
6119,1994,train
6120,1994,train
6121,1994,train
6122,1994,train
6123,1994,train
6124,1994,train
6125,1994,train
6126,1994,train
6127,1994,train
6128,1994,train
6129,1994,train
6130,1994,train
6131,1994,train
6132,1994,train
6133,1994,train
6134,1994,train
6135,1994,train
6136,1994,train
6137,1994,train
6138,1994,train
6139,1994,train
6140,1994,train
6141,1994,train
6142,1994,train
6143,1995,validation
6144,1995,validation
6145,1995,validation
6146,1995,validation
6147,1995,validation
6148,1995,validation
6149,1995,validation
6150,1995,validation
6151,1995,validation
6152,1995,validation
6153,1995,validation
6154,1995,validation
6155,1995,validation
6156,1995,validation
6157,1995,validation
6158,1995,validation
6159,1995,validation
6160,1995,validation
6161,1995,validation
6162,1995,validation
6163,1995,validation
6164,1995,validation
6165,1995,validation
6166,1995,validation
6167,1995,validation
6168,1995,validation
6169,1995,validation
6170,1995,validation
6171,1995,validation
6172,1995,validation
6173,1995,validation
6174,1995,validation
6175,1995,validation
6176,1995,validation
6177,1995,validation
6178,1995,validation
6179,1995,validation
6180,1995,validation
6181,1995,validation
6182,1995,validation
6183,1995,validation
6184,1995,validation
6185,1995,validation
6186,1995,validation
6187,1995,validation
6188,1995,validation
6189,1995,validation
6190,1995,validation
6191,1995,validation
6192,1995,validation
6193,1995,validation
6194,1995,validation
6195,1995,validation
6196,1995,validation
6197,1995,validation
6198,1995,validation
6199,1995,validation
6200,1995,validation
6201,1995,validation
6202,1995,validation
6203,1995,validation
6204,1995,validation
6205,1995,validation
6206,1995,validation
6207,1995,validation
6208,1995,validation
6209,1995,validation
6210,1995,validation
6211,1995,validation
6212,1995,validation
6213,1995,validation
6214,1995,validation
6215,1995,validation
6216,1995,validation
6217,1995,validation
6218,1995,validation
6219,1995,validation
6220,1995,validation
6221,1995,validation
6222,1995,validation
6223,1995,validation
6224,1995,validation
6225,1995,validation
6226,1995,validation
6227,1995,validation
6228,1995,validation
6229,1995,validation
6230,1995,validation
6231,1995,validation
6232,1995,validation
6233,1995,validation
6234,1995,validation
6235,1995,validation
6236,1995,validation
6237,1995,validation
6238,1995,validation
6239,1995,validation
6240,1995,validation
6241,1995,validation
6242,1995,validation
6243,1995,validation
6244,1995,validation
6245,1995,validation
6246,1995,validation
6247,1995,validation
6248,1995,validation
6249,1995,validation
6250,1995,validation
6251,1995,validation
6252,1995,validation
6253,1995,validation
6254,1995,validation
6255,1995,validation
6256,1995,validation
6257,1995,validation
6258,1995,validation
6259,1995,validation
6260,1995,validation
6261,1995,validation
6262,1995,validation
6263,1995,validation
6264,1995,validation
6265,1995,validation
6266,1995,validation
6267,1995,validation
6268,1995,validation
6269,1995,validation
6270,1995,validation
6271,1995,validation
6272,1995,validation
6273,1995,validation
6274,1995,validation
6275,1995,validation
6276,1995,validation
6277,1995,validation
6278,1995,validation
6279,1995,validation
6280,1995,validation
6281,1995,validation
6282,1995,validation
6283,1995,validation
6284,1995,validation
6285,1995,validation
6286,1995,validation
6287,1995,validation
6288,1995,validation
6289,1995,validation
6290,1995,validation
6291,1995,validation
6292,1995,validation
6293,1995,validation
6294,1995,validation
6295,1995,validation
6296,1995,validation
6297,1995,validation
6298,1995,validation
6299,1995,validation
6300,1995,validation
6301,1995,validation
6302,1995,validation
6303,1995,validation
6304,1995,validation
6305,1995,validation
6306,1995,validation
6307,1995,validation
6308,1995,validation
6309,1995,validation
6310,1995,validation
6311,1995,validation
6312,1995,validation
6313,1995,validation
6314,1995,validation
6315,1995,validation
6316,1995,validation
6317,1995,validation
6318,1995,validation
6319,1995,validation
6320,1995,validation
6321,1995,validation
6322,1995,validation
6323,1995,validation
6324,1995,validation
6325,1995,validation
6326,1995,validation
6327,1995,validation
6328,1995,validation
6329,1995,validation
6330,1995,validation
6331,1995,validation
6332,1995,validation
6333,1995,validation
6334,1995,validation
6335,1995,validation
6336,1995,validation
6337,1995,validation
6338,1995,validation
6339,1995,validation
6340,1995,validation
6341,1995,validation
6342,1995,validation
6343,1995,validation
6344,1995,validation
6345,1995,validation
6346,1995,validation
6347,1995,validation
6348,1995,validation
6349,1995,validation
6350,1995,validation
6351,1995,validation
6352,1995,validation
6353,1995,validation
6354,1995,validation
6355,1995,validation
6356,1995,validation
6357,1995,validation
6358,1995,validation
6359,1995,validation
6360,1995,validation
6361,1995,validation
6362,1995,validation
6363,1995,validation
6364,1995,validation
6365,1995,validation
6366,1995,validation
6367,1995,validation
6368,1995,validation
6369,1995,validation
6370,1995,validation
6371,1995,validation
6372,1995,validation
6373,1995,validation
6374,1995,validation
6375,1995,validation
6376,1995,validation
6377,1995,validation
6378,1995,validation
6379,1995,validation
6380,1995,validation
6381,1995,validation
6382,1995,validation
6383,1995,validation
6384,1995,validation
6385,1995,validation
6386,1995,validation
6387,1995,validation
6388,1995,validation
6389,1995,validation
6390,1995,validation
6391,1995,validation
6392,1995,validation
6393,1995,validation
6394,1995,validation
6395,1995,validation
6396,1995,validation
6397,1995,validation
6398,1995,validation
6399,1995,validation
6400,1995,validation
6401,1995,validation
6402,1995,validation
6403,1995,validation
6404,1995,validation
6405,1995,validation
6406,1995,validation
6407,1995,validation
6408,1995,validation
6409,1995,validation
6410,1995,validation
6411,1995,validation
6412,1995,validation
6413,1995,validation
6414,1995,validation
6415,1995,validation
6416,1995,validation
6417,1995,validation
6418,1995,validation
6419,1995,validation
6420,1995,validation
6421,1995,validation
6422,1995,validation
6423,1995,validation
6424,1995,validation
6425,1995,validation
6426,1995,validation
6427,1995,validation
6428,1995,validation
6429,1995,validation
6430,1995,validation
6431,1995,validation
6432,1995,validation
6433,1995,validation
6434,1995,validation
6435,1995,validation
6436,1995,validation
6437,1995,validation
6438,1995,validation
6439,1995,validation
6440,1995,validation
6441,1995,validation
6442,1995,validation
6443,1995,validation
6444,1995,validation
6445,1995,validation
6446,1995,validation
6447,1995,validation
6448,1995,validation
6449,1995,validation
6450,1995,validation
6451,1995,validation
6452,1995,validation
6453,1995,validation
6454,1995,validation
6455,1995,validation
6456,1995,validation
6457,1995,validation
6458,1995,validation
6459,1995,validation
6460,1995,validation
6461,1995,validation
6462,1995,validation
6463,1995,validation
6464,1995,validation
6465,1995,validation
6466,1995,validation
6467,1995,validation
6468,1995,validation
6469,1995,validation
6470,1995,validation
6471,1995,validation
6472,1995,validation
6473,1995,validation
6474,1995,validation
6475,1995,validation
6476,1995,validation
6477,1995,validation
6478,1995,validation
6479,1995,validation
6480,1995,validation
6481,1995,validation
6482,1995,validation
6483,1995,validation
6484,1995,validation
6485,1995,validation
6486,1995,validation
6487,1995,validation
6488,1995,validation
6489,1995,validation
6490,1995,validation
6491,1995,validation
6492,1995,validation
6493,1995,validation
6494,1995,validation
6495,1995,validation
6496,1995,validation
6497,1995,validation
6498,1995,validation
6499,1995,validation
6500,1995,validation
6501,1995,validation
6502,1995,validation
6503,1995,validation
6504,1995,validation
6505,1995,validation
6506,1995,validation
6507,1995,validation
6508,1995,validation
6509,1995,validation
6510,1995,validation
6511,1995,validation
6512,1995,validation
6513,1995,validation
6514,1995,validation
6515,1995,validation
6516,1995,validation
6517,1995,validation
6518,1995,validation
6519,1995,validation
6520,1995,validation
6521,1995,validation
6522,1995,validation
6523,1995,validation
6524,1995,validation
6525,1995,validation
6526,1995,validation
6527,1995,validation
6528,1995,validation
6529,1995,validation
6530,1995,validation
6531,1995,validation
6532,1995,validation
6533,1995,validation
6534,1995,validation
6535,1995,validation
6536,1995,validation
6537,1995,validation
6538,1995,validation
6539,1995,validation
6540,1995,validation
6541,1995,validation
6542,1995,validation
6543,1995,validation
6544,1995,validation
6545,1995,validation
6546,1995,validation
6547,1995,validation
6548,1995,validation
6549,1995,validation
6550,1995,validation
6551,1995,validation
6552,1995,validation
6553,1995,validation
6554,1995,validation
6555,1995,validation
6556,1995,validation
6557,1995,validation
6558,1995,validation
6559,1995,validation
6560,1995,validation
6561,1995,validation
6562,1995,validation
6563,1995,validation
6564,1995,validation
6565,1995,validation
6566,1995,validation
6567,1995,validation
6568,1995,validation
6569,1995,validation
6570,1995,validation
6571,1995,validation
6572,1995,validation
6573,1995,validation
6574,1995,validation
6575,1995,validation
6576,1995,validation
6577,1995,validation
6578,1995,validation
6579,1995,validation
6580,1995,validation
6581,1995,validation
6582,1995,validation
6583,1995,validation
6584,1995,validation
6585,1995,validation
6586,1995,validation
6587,1995,validation
6588,1995,validation
6589,1995,validation
6590,1995,validation
6591,1995,validation
6592,1995,validation
6593,1995,validation
6594,1995,validation
6595,1995,validation
6596,1995,validation
6597,1995,validation
6598,1995,validation
6599,1995,validation
6600,1995,validation
6601,1995,validation
6602,1995,validation
6603,1995,validation
6604,1995,validation
6605,1995,validation
6606,1995,validation
6607,1995,validation
6608,1995,validation
6609,1995,validation
6610,1995,validation
6611,1995,validation
6612,1995,validation
6613,1995,validation
6614,1995,validation
6615,1995,validation
6616,1995,validation
6617,1995,validation
6618,1995,validation
6619,1995,validation
6620,1995,validation
6621,1995,validation
6622,1995,validation
6623,1995,validation
6624,1995,validation
6625,1995,validation
6626,1995,validation
6627,1995,validation
6628,1995,validation
6629,1995,validation
6630,1995,validation
6631,1995,validation
6632,1995,validation
6633,1995,validation
6634,1995,validation
6635,1995,validation
6636,1995,validation
6637,1995,validation
6638,1995,validation
6639,1995,validation
6640,1995,validation
6641,1995,validation
6642,1995,validation
6643,1995,validation
6644,1995,validation
6645,1995,validation
6646,1995,validation
6647,1995,validation
6648,1995,validation
6649,1995,validation
6650,1995,validation
6651,1995,validation
6652,1995,validation
6653,1995,validation
6654,1995,validation
6655,1995,validation
6656,1995,validation
6657,1995,validation
6658,1995,validation
6659,1995,validation
6660,1995,validation
6661,1995,validation
6662,1995,validation
6663,1995,validation
6664,1995,validation
6665,1995,validation
6666,1995,validation
6667,1995,validation
6668,1995,validation
6669,1995,validation
6670,1995,validation
6671,1995,validation
6672,1995,validation
6673,1995,validation
6674,1995,validation
6675,1995,validation
6676,1995,validation
6677,1995,validation
6678,1995,validation
6679,1995,validation
6680,1995,validation
6681,1995,validation
6682,1995,validation
6683,1995,validation
6684,1995,validation
6685,1995,validation
6686,1995,validation
6687,1995,validation
6688,1995,validation
6689,1995,validation
6690,1995,validation
6691,1995,validation
6692,1995,validation
6693,1995,validation
6694,1995,validation
6695,1995,validation
6696,1995,validation
6697,1995,validation
6698,1995,validation
6699,1995,validation
6700,1995,validation
6701,1995,validation
6702,1995,validation
6703,1995,validation
6704,1995,validation
6705,1995,validation
6706,1995,validation
6707,1995,validation
6708,1995,validation
6709,1995,validation
6710,1995,validation
6711,1995,validation
6712,1995,validation
6713,1995,validation
6714,1995,validation
6715,1995,validation
6716,1995,validation
6717,1995,validation
6718,1995,validation
6719,1995,validation
6720,1995,validation
6721,1995,validation
6722,1995,validation
6723,1995,validation
6724,1995,validation
6725,1995,validation
6726,1995,validation
6727,1995,validation
6728,1995,validation
6729,1995,validation
6730,1995,validation
6731,1995,validation
6732,1995,validation
6733,1995,validation
6734,1995,validation
6735,1995,validation
6736,1995,validation
6737,1995,validation
6738,1995,validation
6739,1995,validation
6740,1995,validation
6741,1995,validation
6742,1995,validation
6743,1995,validation
6744,1995,validation
6745,1995,validation
6746,1995,validation
6747,1995,validation
6748,1995,validation
6749,1995,validation
6750,1995,validation
6751,1995,validation
6752,1995,validation
6753,1995,validation
6754,1995,validation
6755,1995,validation
6756,1995,validation
6757,1995,validation
6758,1995,validation
6759,1995,validation
6760,1995,validation
6761,1995,validation
6762,1995,validation
6763,1995,validation
6764,1995,validation
6765,1995,validation
6766,1995,validation
6767,1995,validation
6768,1995,validation
6769,1995,validation
6770,1995,validation
6771,1995,validation
6772,1995,validation
6773,1995,validation
6774,1995,validation
6775,1995,validation
6776,1995,validation
6777,1995,validation
6778,1995,validation
6779,1995,validation
6780,1995,validation
6781,1995,validation
6782,1995,validation
6783,1995,validation
6784,1995,validation
6785,1995,validation
6786,1995,validation
6787,1995,validation
6788,1995,validation
6789,1995,validation
6790,1995,validation
6791,1995,validation
6792,1995,validation
6793,1995,validation
6794,1995,validation
6795,1995,validation
6796,1995,validation
6797,1995,validation
6798,1995,validation
6799,1995,validation
6800,1995,validation
6801,1995,validation
6802,1995,validation
6803,1995,validation
6804,1995,validation
6805,1995,validation
6806,1995,validation
6807,1995,validation
6808,1995,validation
6809,1995,validation
6810,1995,validation
6811,1995,validation
6812,1995,validation
6813,1995,validation
6814,1995,validation
6815,1995,validation
6816,1995,validation
6817,1995,validation
6818,1995,validation
6819,1995,validation
6820,1995,validation
6821,1995,validation
6822,1995,validation
6823,1995,validation
6824,1995,validation
6825,1995,validation
6826,1995,validation
6827,1995,validation
6828,1995,validation
6829,1995,validation
6830,1995,validation
6831,1995,validation
6832,1995,validation
6833,1995,validation
6834,1995,validation
6835,1995,validation
6836,1995,validation
6837,1995,validation
6838,1995,validation
6839,1995,validation
6840,1995,validation
6841,1995,validation
6842,1995,validation
6843,1995,validation
6844,1995,validation
6845,1995,validation
6846,1995,validation
6847,1995,validation
6848,1995,validation
6849,1995,validation
6850,1995,validation
6851,1995,validation
6852,1995,validation
6853,1995,validation
6854,1995,validation
6855,1995,validation
6856,1995,validation
6857,1995,validation
6858,1995,validation
6859,1995,validation
6860,1995,validation
6861,1995,validation
6862,1995,validation
6863,1995,validation
6864,1995,validation
6865,1995,validation
6866,1995,validation
6867,1995,validation
6868,1995,validation
6869,1995,validation
6870,1995,validation
6871,1995,validation
6872,1995,validation
6873,1995,validation
6874,1995,validation
6875,1995,validation
6876,1995,validation
6877,1995,validation
6878,1995,validation
6879,1995,validation
6880,1995,validation
6881,1995,validation
6882,1995,validation
6883,1995,validation
6884,1995,validation
6885,1995,validation
6886,1995,validation
6887,1995,validation
6888,1995,validation
6889,1995,validation
6890,1995,validation
6891,1995,validation
6892,1995,validation
6893,1995,validation
6894,1995,validation
6895,1995,validation
6896,1995,validation
6897,1995,validation
6898,1995,validation
6899,1995,validation
6900,1995,validation
6901,1995,validation
6902,1995,validation
6903,1995,validation
6904,1995,validation
6905,1995,validation
6906,1995,validation
6907,1995,validation
6908,1995,validation
6909,1995,validation
6910,1995,validation
6911,1995,validation
6912,1995,validation
6913,1995,validation
6914,1995,validation
6915,1995,validation
6916,1995,validation
6917,1995,validation
6918,1995,validation
6919,1995,validation
6920,1995,validation
6921,1995,validation
6922,1995,validation
6923,1995,validation
6924,1995,validation
6925,1995,validation
6926,1995,validation
6927,1995,validation
6928,1995,validation
6929,1995,validation
6930,1995,validation
6931,1995,validation
6932,1995,validation
6933,1995,validation
6934,1995,validation
6935,1995,validation
6936,1995,validation
6937,1995,validation
6938,1995,validation
6939,1995,validation
6940,1995,validation
6941,1995,validation
6942,1995,validation
6943,1995,validation
6944,1995,validation
6945,1995,validation
6946,1995,validation
6947,1995,validation
6948,1995,validation
6949,1995,validation
6950,1995,validation
6951,1995,validation
6952,1995,validation
6953,1995,validation
6954,1995,validation
6955,1995,validation
6956,1995,validation
6957,1995,validation
6958,1995,validation
6959,1995,validation
6960,1995,validation
6961,1995,validation
6962,1995,validation
6963,1995,validation
6964,1995,validation
6965,1995,validation
6966,1995,validation
6967,1995,validation
6968,1995,validation
6969,1995,validation
6970,1995,validation
6971,1995,validation
6972,1995,validation
6973,1995,validation
6974,1995,validation
6975,1995,validation
6976,1995,validation
6977,1995,validation
6978,1995,validation
6979,1995,validation
6980,1995,validation
6981,1995,validation
6982,1995,validation
6983,1995,validation
6984,1995,validation
6985,1995,validation
6986,1995,validation
6987,1995,validation
6988,1995,validation
6989,1995,validation
6990,1995,validation
6991,1995,validation
6992,1995,validation
6993,1995,validation
6994,1995,validation
6995,1995,validation
6996,1995,validation
6997,1995,validation
6998,1995,validation
6999,1995,validation
7000,1995,validation
7001,1995,validation
7002,1995,validation
7003,1995,validation
7004,1995,validation
7005,1995,validation
7006,1995,validation
7007,1995,validation
7008,1995,validation
7009,1995,validation
7010,1995,validation
7011,1995,validation
7012,1995,validation
7013,1995,validation
7014,1995,validation
7015,1995,validation
7016,1995,validation
7017,1995,validation
7018,1995,validation
7019,1995,validation
7020,1995,validation
7021,1995,validation
7022,1995,validation
7023,1995,validation
7024,1995,validation
7025,1995,validation
7026,1995,validation
7027,1995,validation
7028,1995,validation
7029,1995,validation
7030,1995,validation
7031,1995,validation
7032,1995,validation
7033,1995,validation
7034,1995,validation
7035,1995,validation
7036,1995,validation
7037,1995,validation
7038,1995,validation
7039,1995,validation
7040,1995,validation
7041,1995,validation
7042,1995,validation
7043,1995,validation
7044,1995,validation
7045,1995,validation
7046,1995,validation
7047,1995,validation
7048,1995,validation
7049,1995,validation
7050,1995,validation
7051,1995,validation
7052,1995,validation
7053,1995,validation
7054,1995,validation
7055,1995,validation
7056,1995,validation
7057,1995,validation
7058,1995,validation
7059,1995,validation
7060,1995,validation
7061,1995,validation
7062,1995,validation
7063,1995,validation
7064,1995,validation
7065,1995,validation
7066,1995,validation
7067,1995,validation
7068,1995,validation
7069,1995,validation
7070,1995,validation
7071,1995,validation
7072,1995,validation
7073,1995,validation
7074,1995,validation
7075,1995,validation
7076,1995,validation
7077,1995,validation
7078,1995,validation
7079,1995,validation
7080,1995,validation
7081,1995,validation
7082,1995,validation
7083,1995,validation
7084,1995,validation
7085,1995,validation
7086,1995,validation
7087,1995,validation
7088,1995,validation
7089,1995,validation
7090,1995,validation
7091,1995,validation
7092,1995,validation
7093,1995,validation
7094,1995,validation
7095,1995,validation
7096,1995,validation
7097,1995,validation
7098,1995,validation
7099,1995,validation
7100,1995,validation
7101,1995,validation
7102,1995,validation
7103,1995,validation
7104,1995,validation
7105,1995,validation
7106,1995,validation
7107,1995,validation
7108,1995,validation
7109,1995,validation
7110,1995,validation
7111,1995,validation
7112,1995,validation
7113,1995,validation
7114,1995,validation
7115,1995,validation
7116,1995,validation
7117,1995,validation
7118,1995,validation
7119,1995,validation
7120,1995,validation
7121,1995,validation
7122,1995,validation
7123,1995,validation
7124,1995,validation
7125,1995,validation
7126,1995,validation
7127,1995,validation
7128,1995,validation
7129,1995,validation
7130,1995,validation
7131,1995,validation
7132,1995,validation
7133,1995,validation
7134,1995,validation
7135,1995,validation
7136,1995,validation
7137,1995,validation
7138,1995,validation
7139,1995,validation
7140,1995,validation
7141,1995,validation
7142,1995,validation
7143,1995,validation
7144,1995,validation
7145,1995,validation
7146,1995,validation
7147,1995,validation
7148,1995,validation
7149,1995,validation
7150,1995,validation
7151,1995,validation
7152,1995,validation
7153,1995,validation
7154,1995,validation
7155,1995,validation
7156,1995,validation
7157,1995,validation
7158,1995,validation
7159,1995,validation
7160,1995,validation
7161,1995,validation
7162,1995,validation
7163,1995,validation
7164,1995,validation
7165,1995,validation
7166,1995,validation
7167,1995,validation
7168,1995,validation
7169,1995,validation
7170,1995,validation
7171,1995,validation
7172,1995,validation
7173,1995,validation
7174,1995,validation
7175,1995,validation
7176,1995,validation
7177,1995,validation
7178,1995,validation
7179,1995,validation
7180,1995,validation
7181,1995,validation
7182,1995,validation
7183,1995,validation
7184,1995,validation
7185,1995,validation
7186,1995,validation
7187,1995,validation
7188,1995,validation
7189,1995,validation
7190,1995,validation
7191,1995,validation
7192,1995,validation
7193,1995,validation
7194,1995,validation
7195,1995,validation
7196,1995,validation
7197,1995,validation
7198,1995,validation
7199,1995,validation
7200,1995,validation
7201,1995,validation
7202,1995,validation
7203,1995,validation
7204,1995,validation
7205,1995,validation
7206,1995,validation
7207,1995,validation
7208,1995,validation
7209,1995,validation
7210,1995,validation
7211,1995,validation
7212,1995,validation
7213,1995,validation
7214,1995,validation
7215,1995,validation
7216,1995,validation
7217,1995,validation
7218,1995,validation
7219,1995,validation
7220,1995,validation
7221,1995,validation
7222,1995,validation
7223,1995,validation
7224,1995,validation
7225,1995,validation
7226,1995,validation
7227,1995,validation
7228,1995,validation
7229,1995,validation
7230,1995,validation
7231,1995,validation
7232,1995,validation
7233,1995,validation
7234,1995,validation
7235,1995,validation
7236,1995,validation
7237,1995,validation
7238,1995,validation
7239,1995,validation
7240,1995,validation
7241,1995,validation
7242,1995,validation
7243,1995,validation
7244,1995,validation
7245,1995,validation
7246,1995,validation
7247,1995,validation
7248,1995,validation
7249,1995,validation
7250,1995,validation
7251,1995,validation
7252,1995,validation
7253,1995,validation
7254,1995,validation
7255,1995,validation
7256,1995,validation
7257,1995,validation
7258,1995,validation
7259,1995,validation
7260,1995,validation
7261,1995,validation
7262,1995,validation
7263,1995,validation
7264,1995,validation
7265,1995,validation
7266,1995,validation
7267,1995,validation
7268,1995,validation
7269,1995,validation
7270,1995,validation
7271,1995,validation
7272,1995,validation
7273,1995,validation
7274,1995,validation
7275,1995,validation
7276,1995,validation
7277,1995,validation
7278,1995,validation
7279,1995,validation
7280,1995,validation
7281,1995,validation
7282,1995,validation
7283,1995,validation
7284,1995,validation
7285,1995,validation
7286,1995,validation
7287,1995,validation
7288,1995,validation
7289,1995,validation
7290,1995,validation
7291,1995,validation
7292,1995,validation
7293,1995,validation
7294,1995,validation
7295,1995,validation
7296,1995,validation
7297,1995,validation
7298,1995,validation
7299,1995,validation
7300,1995,validation
7301,1995,validation
7302,1995,validation
7303,1995,validation
7304,1995,validation
7305,1995,validation
7306,1995,validation
7307,1995,validation
7308,1995,validation
7309,1995,validation
7310,1995,validation
7311,1995,validation
7312,1995,validation
7313,1995,validation
7314,1995,validation
7315,1995,validation
7316,1995,validation
7317,1995,validation
7318,1995,validation
7319,1995,validation
7320,1995,validation
7321,1995,validation
7322,1995,validation
7323,1995,validation
7324,1995,validation
7325,1995,validation
7326,1995,validation
7327,1995,validation
7328,1995,validation
7329,1995,validation
7330,1995,validation
7331,1995,validation
7332,1995,validation
7333,1995,validation
7334,1995,validation
7335,1995,validation
7336,1995,validation
7337,1995,validation
7338,1995,validation
7339,1995,validation
7340,1995,validation
7341,1995,validation
7342,1995,validation
7343,1995,validation
7344,1995,validation
7345,1995,validation
7346,1995,validation
7347,1995,validation
7348,1995,validation
7349,1995,validation
7350,1995,validation
7351,1995,validation
7352,1995,validation
7353,1995,validation
7354,1995,validation
7355,1995,validation
7356,1995,validation
7357,1995,validation
7358,1995,validation
7359,1995,validation
7360,1995,validation
7361,1995,validation
7362,1995,validation
7363,1995,validation
7364,1995,validation
7365,1995,validation
7366,1995,validation
7367,1995,validation
7368,1995,validation
7369,1995,validation
7370,1995,validation
7371,1995,validation
7372,1995,validation
7373,1995,validation
7374,1995,validation
7375,1995,validation
7376,1995,validation
7377,1995,validation
7378,1995,validation
7379,1995,validation
7380,1995,validation
7381,1995,validation
7382,1995,validation
7383,1995,validation
7384,1995,validation
7385,1995,validation
7386,1995,validation
7387,1995,validation
7388,1995,validation
7389,1995,validation
7390,1995,validation
7391,1995,validation
7392,1995,validation
7393,1995,validation
7394,1995,validation
7395,1995,validation
7396,1995,validation
7397,1995,validation
7398,1995,validation
7399,1995,validation
7400,1995,validation
7401,1995,validation
7402,1995,validation
7403,1995,validation
7404,1995,validation
7405,1995,validation
7406,1995,validation
7407,1995,validation
7408,1995,validation
7409,1995,validation
7410,1995,validation
7411,1995,validation
7412,1995,validation
7413,1995,validation
7414,1995,validation
7415,1995,validation
7416,1995,validation
7417,1995,validation
7418,1995,validation
7419,1995,validation
7420,1995,validation
7421,1995,validation
7422,1995,validation
7423,1995,validation
7424,1995,validation
7425,1995,validation
7426,1995,validation
7427,1995,validation
7428,1995,validation
7429,1995,validation
7430,1995,validation
7431,1995,validation
7432,1995,validation
7433,1995,validation
7434,1995,validation
7435,1995,validation
7436,1995,validation
7437,1995,validation
7438,1995,validation
7439,1995,validation
7440,1995,validation
7441,1995,validation
7442,1995,validation
7443,1995,validation
7444,1995,validation
7445,1995,validation
7446,1995,validation
7447,1995,validation
7448,1995,validation
7449,1995,validation
7450,1995,validation
7451,1995,validation
7452,1995,validation
7453,1995,validation
7454,1995,validation
7455,1995,validation
7456,1995,validation
7457,1995,validation
7458,1995,validation
7459,1995,validation
7460,1995,validation
7461,1995,validation
7462,1995,validation
7463,1995,validation
7464,1995,validation
7465,1995,validation
7466,1995,validation
7467,1995,validation
7468,1995,validation
7469,1995,validation
7470,1995,validation
7471,1995,validation
7472,1995,validation
7473,1995,validation
7474,1995,validation
7475,1995,validation
7476,1995,validation
7477,1995,validation
7478,1995,validation
7479,1995,validation
7480,1995,validation
7481,1995,validation
7482,1995,validation
7483,1995,validation
7484,1995,validation
7485,1995,validation
7486,1995,validation
7487,1995,validation
7488,1995,validation
7489,1995,validation
7490,1995,validation
7491,1995,validation
7492,1995,validation
7493,1995,validation
7494,1995,validation
7495,1995,validation
7496,1995,validation
7497,1995,validation
7498,1995,validation
7499,1995,validation
7500,1995,validation
7501,1995,validation
7502,1995,validation
7503,1995,validation
7504,1995,validation
7505,1995,validation
7506,1995,validation
7507,1995,validation
7508,1995,validation
7509,1995,validation
7510,1995,validation
7511,1995,validation
7512,1995,validation
7513,1995,validation
7514,1995,validation
7515,1995,validation
7516,1995,validation
7517,1995,validation
7518,1995,validation
7519,1995,validation
7520,1995,validation
7521,1995,validation
7522,1995,validation
7523,1995,validation
7524,1995,validation
7525,1995,validation
7526,1995,validation
7527,1995,validation
7528,1995,validation
7529,1995,validation
7530,1995,validation
7531,1995,validation
7532,1995,validation
7533,1995,validation
7534,1995,validation
7535,1995,validation
7536,1995,validation
7537,1995,validation
7538,1995,validation
7539,1995,validation
7540,1995,validation
7541,1995,validation
7542,1995,validation
7543,1995,validation
7544,1995,validation
7545,1995,validation
7546,1995,validation
7547,1995,validation
7548,1995,validation
7549,1995,validation
7550,1995,validation
7551,1995,validation
7552,1995,validation
7553,1995,validation
7554,1995,validation
7555,1995,validation
7556,1995,validation
7557,1995,validation
7558,1995,validation
7559,1995,validation
7560,1995,validation
7561,1995,validation
7562,1995,validation
7563,1995,validation
7564,1995,validation
7565,1995,validation
7566,1995,validation
7567,1995,validation
7568,1995,validation
7569,1995,validation
7570,1995,validation
7571,1995,validation
7572,1995,validation
7573,1995,validation
7574,1995,validation
7575,1995,validation
7576,1995,validation
7577,1995,validation
7578,1995,validation
7579,1995,validation
7580,1995,validation
7581,1995,validation
7582,1995,validation
7583,1995,validation
7584,1995,validation
7585,1995,validation
7586,1995,validation
7587,1995,validation
7588,1995,validation
7589,1995,validation
7590,1995,validation
7591,1995,validation
7592,1995,validation
7593,1995,validation
7594,1995,validation
7595,1995,validation
7596,1995,validation
7597,1995,validation
7598,1995,validation
7599,1995,validation
7600,1995,validation
7601,1995,validation
7602,1995,validation
7603,1995,validation
7604,1995,validation
7605,1995,validation
7606,1995,validation
7607,1995,validation
7608,1995,validation
7609,1995,validation
7610,1995,validation
7611,1995,validation
7612,1995,validation
7613,1995,validation
7614,1995,validation
7615,1995,validation
7616,1995,validation
7617,1995,validation
7618,1995,validation
7619,1995,validation
7620,1995,validation
7621,1995,validation
7622,1995,validation
7623,1995,validation
7624,1995,validation
7625,1995,validation
7626,1995,validation
7627,1995,validation
7628,1995,validation
7629,1995,validation
7630,1995,validation
7631,1995,validation
7632,1995,validation
7633,1995,validation
7634,1995,validation
7635,1995,validation
7636,1995,validation
7637,1995,validation
7638,1995,validation
7639,1995,validation
7640,1995,validation
7641,1995,validation
7642,1995,validation
7643,1995,validation
7644,1995,validation
7645,1995,validation
7646,1995,validation
7647,1995,validation
7648,1995,validation
7649,1995,validation
7650,1995,validation
7651,1995,validation
7652,1995,validation
7653,1995,validation
7654,1995,validation
7655,1995,validation
7656,1995,validation
7657,1995,validation
7658,1995,validation
7659,1995,validation
7660,1995,validation
7661,1995,validation
7662,1995,validation
7663,1995,validation
7664,1995,validation
7665,1995,validation
7666,1995,validation
7667,1995,validation
7668,1995,validation
7669,1995,validation
7670,1995,validation
7671,1995,validation
7672,1995,validation
7673,1995,validation
7674,1995,validation
7675,1995,validation
7676,1995,validation
7677,1995,validation
7678,1995,validation
7679,1995,validation
7680,1995,validation
7681,1995,validation
7682,1995,validation
7683,1995,validation
7684,1995,validation
7685,1995,validation
7686,1995,validation
7687,1995,validation
7688,1995,validation
7689,1995,validation
7690,1995,validation
7691,1995,validation
7692,1995,validation
7693,1995,validation
7694,1995,validation
7695,1995,validation
7696,1995,validation
7697,1995,validation
7698,1995,validation
7699,1995,validation
7700,1995,validation
7701,1995,validation
7702,1995,validation
7703,1995,validation
7704,1995,validation
7705,1995,validation
7706,1995,validation
7707,1995,validation
7708,1995,validation
7709,1995,validation
7710,1995,validation
7711,1995,validation
7712,1995,validation
7713,1995,validation
7714,1995,validation
7715,1995,validation
7716,1995,validation
7717,1995,validation
7718,1995,validation
7719,1995,validation
7720,1995,validation
7721,1995,validation
7722,1995,validation
7723,1995,validation
7724,1995,validation
7725,1995,validation
7726,1995,validation
7727,1995,validation
7728,1995,validation
7729,1995,validation
7730,1995,validation
7731,1995,validation
7732,1995,validation
7733,1995,validation
7734,1995,validation
7735,1995,validation
7736,1995,validation
7737,1995,validation
7738,1995,validation
7739,1995,validation
7740,1995,validation
7741,1995,validation
7742,1995,validation
7743,1995,validation
7744,1995,validation
7745,1995,validation
7746,1995,validation
7747,1995,validation
7748,1995,validation
7749,1995,validation
7750,1995,validation
7751,1995,validation
7752,1995,validation
7753,1995,validation
7754,1995,validation
7755,1995,validation
7756,1995,validation
7757,1995,validation
7758,1995,validation
7759,1995,validation
7760,1995,validation
7761,1995,validation
7762,1995,validation
7763,1995,validation
7764,1995,validation
7765,1995,validation
7766,1995,validation
7767,1995,validation
7768,1995,validation
7769,1995,validation
7770,1995,validation
7771,1995,validation
7772,1995,validation
7773,1995,validation
7774,1995,validation
7775,1995,validation
7776,1995,validation
7777,1995,validation
7778,1995,validation
7779,1995,validation
7780,1995,validation
7781,1995,validation
7782,1995,validation
7783,1995,validation
7784,1995,validation
7785,1995,validation
7786,1995,validation
7787,1995,validation
7788,1995,validation
7789,1995,validation
7790,1995,validation
7791,1995,validation
7792,1995,validation
7793,1995,validation
7794,1995,validation
7795,1995,validation
7796,1995,validation
7797,1995,validation
7798,1995,validation
7799,1995,validation
7800,1995,validation
7801,1995,validation
7802,1995,validation
7803,1995,validation
7804,1995,validation
7805,1995,validation
7806,1995,validation
7807,1995,validation
7808,1995,validation
7809,1995,validation
7810,1995,validation
7811,1995,validation
7812,1995,validation
7813,1995,validation
7814,1995,validation
7815,1995,validation
7816,1995,validation
7817,1995,validation
7818,1995,validation
7819,1995,validation
7820,1995,validation
7821,1995,validation
7822,1995,validation
7823,1995,validation
7824,1995,validation
7825,1995,validation
7826,1995,validation
7827,1995,validation
7828,1995,validation
7829,1995,validation
7830,1995,validation
7831,1995,validation
7832,1995,validation
7833,1995,validation
7834,1995,validation
7835,1995,validation
7836,1995,validation
7837,1995,validation
7838,1995,validation
7839,1995,validation
7840,1995,validation
7841,1995,validation
7842,1995,validation
7843,1995,validation
7844,1995,validation
7845,1995,validation
7846,1995,validation
7847,1995,validation
7848,1995,validation
7849,1995,validation
7850,1995,validation
7851,1995,validation
7852,1995,validation
7853,1995,validation
7854,1995,validation
7855,1995,validation
7856,1995,validation
7857,1995,validation
7858,1995,validation
7859,1995,validation
7860,1995,validation
7861,1995,validation
7862,1995,validation
7863,1995,validation
7864,1995,validation
7865,1995,validation
7866,1995,validation
7867,1995,validation
7868,1995,validation
7869,1995,validation
7870,1995,validation
7871,1995,validation
7872,1995,validation
7873,1995,validation
7874,1995,validation
7875,1995,validation
7876,1995,validation
7877,1995,validation
7878,1995,validation
7879,1995,validation
7880,1995,validation
7881,1995,validation
7882,1995,validation
7883,1995,validation
7884,1995,validation
7885,1995,validation
7886,1995,validation
7887,1995,validation
7888,1995,validation
7889,1995,validation
7890,1995,validation
7891,1995,validation
7892,1995,validation
7893,1995,validation
7894,1995,validation
7895,1995,validation
7896,1995,validation
7897,1995,validation
7898,1995,validation
7899,1995,validation
7900,1995,validation
7901,1995,validation
7902,1995,validation
7903,1995,validation
7904,1995,validation
7905,1995,validation
7906,1995,validation
7907,1995,validation
7908,1995,validation
7909,1995,validation
7910,1995,validation
7911,1995,validation
7912,1995,validation
7913,1995,validation
7914,1995,validation
7915,1995,validation
7916,1995,validation
7917,1995,validation
7918,1995,validation
7919,1995,validation
7920,1995,validation
7921,1995,validation
7922,1995,validation
7923,1995,validation
7924,1995,validation
7925,1995,validation
7926,1995,validation
7927,1995,validation
7928,1995,validation
7929,1995,validation
7930,1995,validation
7931,1995,validation
7932,1995,validation
7933,1995,validation
7934,1995,validation
7935,1995,validation
7936,1995,validation
7937,1995,validation
7938,1995,validation
7939,1995,validation
7940,1995,validation
7941,1995,validation
7942,1995,validation
7943,1995,validation
7944,1995,validation
7945,1995,validation
7946,1995,validation
7947,1995,validation
7948,1995,validation
7949,1995,validation
7950,1995,validation
7951,1995,validation
7952,1995,validation
7953,1995,validation
7954,1995,validation
7955,1995,validation
7956,1995,validation
7957,1995,validation
7958,1995,validation
7959,1995,validation
7960,1995,validation
7961,1995,validation
7962,1995,validation
7963,1995,validation
7964,1995,validation
7965,1995,validation
7966,1995,validation
7967,1995,validation
7968,1995,validation
7969,1995,validation
7970,1995,validation
7971,1995,validation
7972,1995,validation
7973,1995,validation
7974,1995,validation
7975,1995,validation
7976,1995,validation
7977,1995,validation
7978,1995,validation
7979,1995,validation
7980,1995,validation
7981,1995,validation
7982,1995,validation
7983,1995,validation
7984,1995,validation
7985,1995,validation
7986,1995,validation
7987,1995,validation
7988,1995,validation
7989,1995,validation
7990,1995,validation
7991,1995,validation
7992,1995,validation
7993,1995,validation
7994,1995,validation
7995,1995,validation
7996,1995,validation
7997,1995,validation
7998,1995,validation
7999,1995,validation
8000,1995,validation
8001,1995,validation
8002,1995,validation
8003,1995,validation
8004,1995,validation
8005,1995,validation
8006,1995,validation
8007,1995,validation
8008,1995,validation
8009,1995,validation
8010,1995,validation
8011,1995,validation
8012,1995,validation
8013,1995,validation
8014,1995,validation
8015,1995,validation
8016,1995,validation
8017,1995,validation
8018,1995,validation
8019,1995,validation
8020,1995,validation
8021,1995,validation
8022,1995,validation
8023,1995,validation
8024,1995,validation
8025,1995,validation
8026,1995,validation
8027,1995,validation
8028,1995,validation
8029,1995,validation
8030,1995,validation
8031,1995,validation
8032,1995,validation
8033,1995,validation
8034,1995,validation
8035,1995,validation
8036,1995,validation
8037,1995,validation
8038,1995,validation
8039,1995,validation
8040,1995,validation
8041,1995,validation
8042,1995,validation
8043,1995,validation
8044,1995,validation
8045,1995,validation
8046,1995,validation
8047,1995,validation
8048,1995,validation
8049,1995,validation
8050,1995,validation
8051,1995,validation
8052,1995,validation
8053,1995,validation
8054,1995,validation
8055,1995,validation
8056,1995,validation
8057,1995,validation
8058,1995,validation
8059,1995,validation
8060,1995,validation
8061,1995,validation
8062,1995,validation
8063,1995,validation
8064,1995,validation
8065,1995,validation
8066,1995,validation
8067,1995,validation
8068,1995,validation
8069,1995,validation
8070,1995,validation
8071,1995,validation
8072,1995,validation
8073,1995,validation
8074,1995,validation
8075,1995,validation
8076,1995,validation
8077,1995,validation
8078,1995,validation
8079,1995,validation
8080,1995,validation
8081,1995,validation
8082,1995,validation
8083,1995,validation
8084,1995,validation
8085,1995,validation
8086,1995,validation
8087,1995,validation
8088,1995,validation
8089,1995,validation
8090,1995,validation
8091,1995,validation
8092,1995,validation
8093,1995,validation
8094,1995,validation
8095,1995,validation
8096,1995,validation
8097,1995,validation
8098,1995,validation
8099,1995,validation
8100,1995,validation
8101,1995,validation
8102,1995,validation
8103,1995,validation
8104,1995,validation
8105,1995,validation
8106,1995,validation
8107,1995,validation
8108,1995,validation
8109,1995,validation
8110,1995,validation
8111,1995,validation
8112,1995,validation
8113,1995,validation
8114,1995,validation
8115,1995,validation
8116,1995,validation
8117,1995,validation
8118,1995,validation
8119,1995,validation
8120,1995,validation
8121,1995,validation
8122,1995,validation
8123,1995,validation
8124,1995,validation
8125,1995,validation
8126,1995,validation
8127,1995,validation
8128,1995,validation
8129,1995,validation
8130,1995,validation
8131,1995,validation
8132,1995,validation
8133,1995,validation
8134,1995,validation
8135,1995,validation
8136,1995,validation
8137,1995,validation
8138,1995,validation
8139,1995,validation
8140,1995,validation
8141,1995,validation
8142,1995,validation
8143,1995,validation
8144,1995,validation
8145,1995,validation
8146,1995,validation
8147,1995,validation
8148,1995,validation
8149,1995,validation
8150,1995,validation
8151,1995,validation
8152,1995,validation
8153,1995,validation
8154,1995,validation
8155,1995,validation
8156,1995,validation
8157,1995,validation
8158,1995,validation
8159,1995,validation
8160,1995,validation
8161,1995,validation
8162,1995,validation
8163,1995,validation
8164,1995,validation
8165,1995,validation
8166,1995,validation
8167,1995,validation
8168,1995,validation
8169,1995,validation
8170,1995,validation
8171,1995,validation
8172,1995,validation
8173,1995,validation
8174,1995,validation
8175,1995,validation
8176,1995,validation
8177,1995,validation
8178,1995,validation
8179,1995,validation
8180,1995,validation
8181,1995,validation
8182,1995,validation
8183,1995,validation
8184,1995,validation
8185,1995,validation
8186,1995,validation
8187,1995,validation
8188,1995,validation
8189,1995,validation
8190,1995,validation
8191,1995,validation
8192,1995,validation
8193,1995,validation
8194,1995,validation
8195,1995,validation
8196,1995,validation
8197,1995,validation
8198,1995,validation
8199,1995,validation
8200,1995,validation
8201,1995,validation
8202,1995,validation
8203,1995,validation
8204,1995,validation
8205,1995,validation
8206,1995,validation
8207,1995,validation
8208,1995,validation
8209,1995,validation
8210,1995,validation
8211,1995,validation
8212,1995,validation
8213,1995,validation
8214,1995,validation
8215,1995,validation
8216,1995,validation
8217,1995,validation
8218,1995,validation
8219,1995,validation
8220,1995,validation
8221,1995,validation
8222,1995,validation
8223,1995,validation
8224,1995,validation
8225,1995,validation
8226,1995,validation
8227,1995,validation
8228,1995,validation
8229,1995,validation
8230,1995,validation
8231,1995,validation
8232,1995,validation
8233,1995,validation
8234,1995,validation
8235,1995,validation
8236,1995,validation
8237,1995,validation
8238,1995,validation
8239,1995,validation
8240,1995,validation
8241,1995,validation
8242,1995,validation
8243,1995,validation
8244,1995,validation
8245,1995,validation
8246,1995,validation
8247,1995,validation
8248,1995,validation
8249,1995,validation
8250,1995,validation
8251,1995,validation
8252,1995,validation
8253,1995,validation
8254,1995,validation
8255,1995,validation
8256,1995,validation
8257,1995,validation
8258,1995,validation
8259,1995,validation
8260,1995,validation
8261,1995,validation
8262,1995,validation
8263,1995,validation
8264,1995,validation
8265,1995,validation
8266,1995,validation
8267,1995,validation
8268,1995,validation
8269,1995,validation
8270,1995,validation
8271,1995,validation
8272,1995,validation
8273,1995,validation
8274,1995,validation
8275,1995,validation
8276,1995,validation
8277,1995,validation
8278,1995,validation
8279,1995,validation
8280,1995,validation
8281,1995,validation
8282,1995,validation
8283,1995,validation
8284,1995,validation
8285,1995,validation
8286,1995,validation
8287,1995,validation
8288,1995,validation
8289,1995,validation
8290,1995,validation
8291,1995,validation
8292,1995,validation
8293,1995,validation
8294,1995,validation
8295,1995,validation
8296,1995,validation
8297,1995,validation
8298,1995,validation
8299,1995,validation
8300,1995,validation
8301,1995,validation
8302,1995,validation
8303,1995,validation
8304,1995,validation
8305,1995,validation
8306,1995,validation
8307,1995,validation
8308,1995,validation
8309,1995,validation
8310,1995,validation
8311,1995,validation
8312,1995,validation
8313,1995,validation
8314,1995,validation
8315,1995,validation
8316,1995,validation
8317,1995,validation
8318,1995,validation
8319,1995,validation
8320,1995,validation
8321,1995,validation
8322,1995,validation
8323,1995,validation
8324,1995,validation
8325,1995,validation
8326,1995,validation
8327,1995,validation
8328,1995,validation
8329,1995,validation
8330,1995,validation
8331,1995,validation
8332,1995,validation
8333,1995,validation
8334,1995,validation
8335,1995,validation
8336,1995,validation
8337,1995,validation
8338,1995,validation
8339,1995,validation
8340,1995,validation
8341,1995,validation
8342,1995,validation
8343,1995,validation
8344,1995,validation
8345,1995,validation
8346,1995,validation
8347,1995,validation
8348,1995,validation
8349,1995,validation
8350,1995,validation
8351,1995,validation
8352,1995,validation
8353,1995,validation
8354,1995,validation
8355,1995,validation
8356,1995,validation
8357,1995,validation
8358,1995,validation
8359,1995,validation
8360,1995,validation
8361,1995,validation
8362,1995,validation
8363,1995,validation
8364,1995,validation
8365,1995,validation
8366,1995,validation
8367,1995,validation
8368,1995,validation
8369,1995,validation
8370,1995,validation
8371,1995,validation
8372,1995,validation
8373,1995,validation
8374,1995,validation
8375,1995,validation
8376,1995,validation
8377,1995,validation
8378,1995,validation
8379,1995,validation
8380,1995,validation
8381,1995,validation
8382,1995,validation
8383,1995,validation
8384,1995,validation
8385,1995,validation
8386,1995,validation
8387,1995,validation
8388,1995,validation
8389,1995,validation
8390,1995,validation
8391,1995,validation
8392,1995,validation
8393,1995,validation
8394,1995,validation
8395,1995,validation
8396,1995,validation
8397,1995,validation
8398,1995,validation
8399,1995,validation
8400,1995,validation
8401,1995,validation
8402,1995,validation
8403,1995,validation
8404,1995,validation
8405,1995,validation
8406,1995,validation
8407,1995,validation
8408,1995,validation
8409,1995,validation
8410,1995,validation
8411,1995,validation
8412,1995,validation
8413,1995,validation
8414,1995,validation
8415,1995,validation
8416,1995,validation
8417,1995,validation
8418,1995,validation
8419,1995,validation
8420,1995,validation
8421,1995,validation
8422,1995,validation
8423,1995,validation
8424,1995,validation
8425,1995,validation
8426,1995,validation
8427,1995,validation
8428,1995,validation
8429,1995,validation
8430,1995,validation
8431,1995,validation
8432,1995,validation
8433,1995,validation
8434,1995,validation
8435,1995,validation
8436,1995,validation
8437,1995,validation
8438,1995,validation
8439,1995,validation
8440,1995,validation
8441,1995,validation
8442,1995,validation
8443,1995,validation
8444,1995,validation
8445,1995,validation
8446,1995,validation
8447,1995,validation
8448,1995,validation
8449,1995,validation
8450,1995,validation
8451,1995,validation
8452,1995,validation
8453,1995,validation
8454,1995,validation
8455,1995,validation
8456,1995,validation
8457,1995,validation
8458,1995,validation
8459,1995,validation
8460,1995,validation
8461,1995,validation
8462,1995,validation
8463,1995,validation
8464,1995,validation
8465,1995,validation
8466,1995,validation
8467,1995,validation
8468,1995,validation
8469,1995,validation
8470,1995,validation
8471,1995,validation
8472,1995,validation
8473,1995,validation
8474,1995,validation
8475,1995,validation
8476,1995,validation
8477,1995,validation
8478,1995,validation
8479,1995,validation
8480,1995,validation
8481,1995,validation
8482,1995,validation
8483,1995,validation
8484,1995,validation
8485,1995,validation
8486,1995,validation
8487,1995,validation
8488,1995,validation
8489,1995,validation
8490,1995,validation
8491,1995,validation
8492,1995,validation
8493,1995,validation
8494,1995,validation
8495,1995,validation
8496,1995,validation
8497,1995,validation
8498,1995,validation
8499,1995,validation
8500,1995,validation
8501,1995,validation
8502,1995,validation
8503,1995,validation
8504,1995,validation
8505,1995,validation
8506,1995,validation
8507,1995,validation
8508,1995,validation
8509,1995,validation
8510,1995,validation
8511,1995,validation
8512,1995,validation
8513,1995,validation
8514,1995,validation
8515,1995,validation
8516,1995,validation
8517,1995,validation
8518,1995,validation
8519,1995,validation
8520,1995,validation
8521,1995,validation
8522,1995,validation
8523,1995,validation
8524,1995,validation
8525,1995,validation
8526,1995,validation
8527,1995,validation
8528,1995,validation
8529,1995,validation
8530,1995,validation
8531,1995,validation
8532,1995,validation
8533,1995,validation
8534,1995,validation
8535,1995,validation
8536,1995,validation
8537,1995,validation
8538,1995,validation
8539,1995,validation
8540,1995,validation
8541,1995,validation
8542,1995,validation
8543,1995,validation
8544,1995,validation
8545,1995,validation
8546,1995,validation
8547,1995,validation
8548,1995,validation
8549,1995,validation
8550,1995,validation
8551,1995,validation
8552,1995,validation
8553,1995,validation
8554,1995,validation
8555,1995,validation
8556,1995,validation
8557,1995,validation
8558,1995,validation
8559,1995,validation
8560,1995,validation
8561,1995,validation
8562,1995,validation
8563,1995,validation
8564,1995,validation
8565,1995,validation
8566,1995,validation
8567,1995,validation
8568,1995,validation
8569,1995,validation
8570,1995,validation
8571,1995,validation
8572,1995,validation
8573,1995,validation
8574,1995,validation
8575,1995,validation
8576,1995,validation
8577,1995,validation
8578,1995,validation
8579,1995,validation
8580,1995,validation
8581,1995,validation
8582,1995,validation
8583,1995,validation
8584,1995,validation
8585,1995,validation
8586,1995,validation
8587,1995,validation
8588,1995,validation
8589,1995,validation
8590,1995,validation
8591,1995,validation
8592,1995,validation
8593,1995,validation
8594,1995,validation
8595,1995,validation
8596,1995,validation
8597,1995,validation
8598,1995,validation
8599,1995,validation
8600,1995,validation
8601,1995,validation
8602,1995,validation
8603,1995,validation
8604,1995,validation
8605,1995,validation
8606,1995,validation
8607,1995,validation
8608,1995,validation
8609,1995,validation
8610,1995,validation
8611,1995,validation
8612,1995,validation
8613,1995,validation
8614,1995,validation
8615,1995,validation
8616,1995,validation
8617,1995,validation
8618,1995,validation
8619,1995,validation
8620,1995,validation
8621,1995,validation
8622,1995,validation
8623,1995,validation
8624,1995,validation
8625,1995,validation
8626,1995,validation
8627,1995,validation
8628,1995,validation
8629,1995,validation
8630,1995,validation
8631,1995,validation
8632,1995,validation
8633,1995,validation
8634,1995,validation
8635,1995,validation
8636,1995,validation
8637,1995,validation
8638,1995,validation
8639,1995,validation
8640,1995,validation
8641,1995,validation
8642,1995,validation
8643,1995,validation
8644,1995,validation
8645,1995,validation
8646,1995,validation
8647,1995,validation
8648,1995,validation
8649,1995,validation
8650,1995,validation
8651,1995,validation
8652,1995,validation
8653,1995,validation
8654,1995,validation
8655,1995,validation
8656,1995,validation
8657,1995,validation
8658,1995,validation
8659,1995,validation
8660,1995,validation
8661,1995,validation
8662,1995,validation
8663,1995,validation
8664,1995,validation
8665,1995,validation
8666,1995,validation
8667,1995,validation
8668,1995,validation
8669,1995,validation
8670,1995,validation
8671,1995,validation
8672,1995,validation
8673,1995,validation
8674,1995,validation
8675,1995,validation
8676,1995,validation
8677,1995,validation
8678,1995,validation
8679,1995,validation
8680,1995,validation
8681,1995,validation
8682,1995,validation
8683,1995,validation
8684,1995,validation
8685,1995,validation
8686,1995,validation
8687,1995,validation
8688,1995,validation
8689,1995,validation
8690,1995,validation
8691,1995,validation
8692,1995,validation
8693,1995,validation
8694,1995,validation
8695,1995,validation
8696,1995,validation
8697,1995,validation
8698,1995,validation
8699,1995,validation
8700,1995,validation
8701,1995,validation
8702,1995,validation
8703,1995,validation
8704,1995,validation
8705,1995,validation
8706,1995,validation
8707,1995,validation
8708,1995,validation
8709,1995,validation
8710,1995,validation
8711,1995,validation
8712,1995,validation
8713,1995,validation
8714,1995,validation
8715,1995,validation
8716,1995,validation
8717,1995,validation
8718,1995,validation
8719,1995,validation
8720,1995,validation
8721,1995,validation
8722,1995,validation
8723,1995,validation
8724,1995,validation
8725,1995,validation
8726,1995,validation
8727,1995,validation
8728,1995,validation
8729,1995,validation
8730,1995,validation
8731,1995,validation
8732,1995,validation
8733,1995,validation
8734,1995,validation
8735,1995,validation
8736,1995,validation
8737,1995,validation
8738,1995,validation
8739,1995,validation
8740,1995,validation
8741,1995,validation
8742,1995,validation
8743,1995,validation
8744,1995,validation
8745,1995,validation
8746,1995,validation
8747,1995,validation
8748,1995,validation
8749,1995,validation
8750,1995,validation
8751,1995,validation
8752,1995,validation
8753,1995,validation
8754,1995,validation
8755,1995,validation
8756,1995,validation
8757,1995,validation
8758,1995,validation
8759,1995,validation
8760,1995,validation
8761,1995,validation
8762,1995,validation
8763,1995,validation
8764,1995,validation
8765,1995,validation
8766,1995,validation
8767,1995,validation
8768,1995,validation
8769,1995,validation
8770,1995,validation
8771,1995,validation
8772,1995,validation
8773,1995,validation
8774,1995,validation
8775,1995,validation
8776,1995,validation
8777,1995,validation
8778,1995,validation
8779,1995,validation
8780,1995,validation
8781,1995,validation
8782,1995,validation
8783,1995,validation
8784,1995,validation
8785,1995,validation
8786,1995,validation
8787,1995,validation
8788,1995,validation
8789,1995,validation
8790,1995,validation
8791,1995,validation
8792,1995,validation
8793,1995,validation
8794,1995,validation
8795,1995,validation
8796,1995,validation
8797,1995,validation
8798,1995,validation
8799,1995,validation
8800,1995,validation
8801,1995,validation
8802,1995,validation
8803,1995,validation
8804,1995,validation
8805,1995,validation
8806,1995,validation
8807,1995,validation
8808,1995,validation
8809,1995,validation
8810,1995,validation
8811,1995,validation
8812,1995,validation
8813,1995,validation
8814,1995,validation
8815,1995,validation
8816,1995,validation
8817,1995,validation
8818,1995,validation
8819,1995,validation
8820,1995,validation
8821,1995,validation
8822,1995,validation
8823,1995,validation
8824,1995,validation
8825,1995,validation
8826,1995,validation
8827,1995,validation
8828,1995,validation
8829,1995,validation
8830,1995,validation
8831,1995,validation
8832,1995,validation
8833,1995,validation
8834,1995,validation
8835,1995,validation
8836,1995,validation
8837,1995,validation
8838,1995,validation
8839,1995,validation
8840,1995,validation
8841,1995,validation
8842,1995,validation
8843,1995,validation
8844,1995,validation
8845,1995,validation
8846,1995,validation
8847,1995,validation
8848,1995,validation
8849,1995,validation
8850,1995,validation
8851,1995,validation
8852,1995,validation
8853,1995,validation
8854,1995,validation
8855,1995,validation
8856,1995,validation
8857,1995,validation
8858,1995,validation
8859,1995,validation
8860,1995,validation
8861,1995,validation
8862,1995,validation
8863,1995,validation
8864,1995,validation
8865,1995,validation
8866,1995,validation
8867,1995,validation
8868,1995,validation
8869,1995,validation
8870,1995,validation
8871,1995,validation
8872,1995,validation
8873,1995,validation
8874,1995,validation
8875,1995,validation
8876,1995,validation
8877,1995,validation
8878,1995,validation
8879,1995,validation
8880,1995,validation
8881,1995,validation
8882,1995,validation
8883,1995,validation
8884,1995,validation
8885,1995,validation
8886,1995,validation
8887,1995,validation
8888,1995,validation
8889,1995,validation
8890,1995,validation
8891,1995,validation
8892,1995,validation
8893,1995,validation
8894,1995,validation
8895,1995,validation
8896,1995,validation
8897,1995,validation
8898,1995,validation
8899,1995,validation
8900,1995,validation
8901,1995,validation
8902,1995,validation
8903,1995,validation
8904,1995,validation
8905,1995,validation
8906,1995,validation
8907,1995,validation
8908,1995,validation
8909,1995,validation
8910,1995,validation
8911,1995,validation
8912,1995,validation
8913,1995,validation
8914,1995,validation
8915,1995,validation
8916,1995,validation
8917,1995,validation
8918,1995,validation
8919,1995,validation
8920,1995,validation
8921,1995,validation
8922,1995,validation
8923,1995,validation
8924,1995,validation
8925,1995,validation
8926,1995,validation
8927,1995,validation
8928,1995,validation
8929,1995,validation
8930,1995,validation
8931,1995,validation
8932,1995,validation
8933,1995,validation
8934,1995,validation
8935,1995,validation
8936,1995,validation
8937,1995,validation
8938,1995,validation
8939,1995,validation
8940,1995,validation
8941,1995,validation
8942,1995,validation
8943,1995,validation
8944,1995,validation
8945,1995,validation
8946,1995,validation
8947,1995,validation
8948,1995,validation
8949,1995,validation
8950,1995,validation
8951,1995,validation
8952,1995,validation
8953,1995,validation
8954,1995,validation
8955,1995,validation
8956,1995,validation
8957,1995,validation
8958,1995,validation
8959,1995,validation
8960,1995,validation
8961,1995,validation
8962,1995,validation
8963,1995,validation
8964,1995,validation
8965,1995,validation
8966,1995,validation
8967,1995,validation
8968,1995,validation
8969,1995,validation
8970,1995,validation
8971,1995,validation
8972,1995,validation
8973,1995,validation
8974,1995,validation
8975,1995,validation
8976,1995,validation
8977,1995,validation
8978,1995,validation
8979,1995,validation
8980,1995,validation
8981,1995,validation
8982,1995,validation
8983,1995,validation
8984,1995,validation
8985,1995,validation
8986,1995,validation
8987,1995,validation
8988,1995,validation
8989,1995,validation
8990,1995,validation
8991,1995,validation
8992,1995,validation
8993,1995,validation
8994,1995,validation
8995,1995,validation
8996,1995,validation
8997,1995,validation
8998,1995,validation
8999,1995,validation
9000,1995,validation
9001,1995,validation
9002,1995,validation
9003,1995,validation
9004,1995,validation
9005,1995,validation
9006,1995,validation
9007,1995,validation
9008,1995,validation
9009,1995,validation
9010,1995,validation
9011,1995,validation
9012,1995,validation
9013,1995,validation
9014,1995,validation
9015,1995,validation
9016,1995,validation
9017,1995,validation
9018,1995,validation
9019,1995,validation
9020,1995,validation
9021,1995,validation
9022,1995,validation
9023,1995,validation
9024,1995,validation
9025,1995,validation
9026,1995,validation
9027,1995,validation
9028,1995,validation
9029,1995,validation
9030,1995,validation
9031,1995,validation
9032,1995,validation
9033,1995,validation
9034,1995,validation
9035,1995,validation
9036,1995,validation
9037,1995,validation
9038,1995,validation
9039,1995,validation
9040,1995,validation
9041,1995,validation
9042,1995,validation
9043,1995,validation
9044,1995,validation
9045,1995,validation
9046,1995,validation
9047,1995,validation
9048,1995,validation
9049,1995,validation
9050,1995,validation
9051,1995,validation
9052,1995,validation
9053,1995,validation
9054,1995,validation
9055,1995,validation
9056,1995,validation
9057,1995,validation
9058,1995,validation
9059,1995,validation
9060,1995,validation
9061,1995,validation
9062,1995,validation
9063,1995,validation
9064,1995,validation
9065,1995,validation
9066,1995,validation
9067,1995,validation
9068,1995,validation
9069,1995,validation
9070,1995,validation
9071,1995,validation
9072,1995,validation
9073,1995,validation
9074,1995,validation
9075,1995,validation
9076,1995,validation
9077,1995,validation
9078,1995,validation
9079,1995,validation
9080,1995,validation
9081,1995,validation
9082,1995,validation
9083,1995,validation
9084,1995,validation
9085,1995,validation
9086,1995,validation
9087,1995,validation
9088,1995,validation
9089,1995,validation
9090,1995,validation
9091,1995,validation
9092,1995,validation
9093,1995,validation
9094,1995,validation
9095,1995,validation
9096,1995,validation
9097,1995,validation
9098,1995,validation
9099,1995,validation
9100,1995,validation
9101,1995,validation
9102,1995,validation
9103,1995,validation
9104,1995,validation
9105,1995,validation
9106,1995,validation
9107,1995,validation
9108,1995,validation
9109,1995,validation
9110,1995,validation
9111,1995,validation
9112,1995,validation
9113,1995,validation
9114,1995,validation
9115,1995,validation
9116,1995,validation
9117,1995,validation
9118,1995,validation
9119,1995,validation
9120,1995,validation
9121,1995,validation
9122,1995,validation
9123,1995,validation
9124,1995,validation
9125,1995,validation
9126,1995,validation
9127,1995,validation
9128,1995,validation
9129,1995,validation
9130,1995,validation
9131,1995,validation
9132,1995,validation
9133,1995,validation
9134,1995,validation
9135,1995,validation
9136,1995,validation
9137,1995,validation
9138,1995,validation
9139,1995,validation
9140,1995,validation
9141,1995,validation
9142,1995,validation
9143,1995,validation
9144,1995,validation
9145,1995,validation
9146,1995,validation
9147,1995,validation
9148,1995,validation
9149,1995,validation
9150,1995,validation
9151,1995,validation
9152,1995,validation
9153,1995,validation
9154,1995,validation
9155,1995,validation
9156,1995,validation
9157,1995,validation
9158,1995,validation
9159,1995,validation
9160,1995,validation
9161,1995,validation
9162,1995,validation
9163,1995,validation
9164,1995,validation
9165,1995,validation
9166,1995,validation
9167,1995,validation
9168,1995,validation
9169,1995,validation
9170,1995,validation
9171,1995,validation
9172,1995,validation
9173,1995,validation
9174,1995,validation
9175,1995,validation
9176,1995,validation
9177,1995,validation
9178,1995,validation
9179,1995,validation
9180,1995,validation
9181,1995,validation
9182,1995,validation
9183,1995,validation
9184,1995,validation
9185,1995,validation
9186,1995,validation
9187,1995,validation
9188,1995,validation
9189,1995,validation
9190,1995,validation
9191,1995,validation
9192,1995,validation
9193,1995,validation
9194,1995,validation
9195,1995,validation
9196,1995,validation
9197,1995,validation
9198,1995,validation
9199,1995,validation
9200,1995,validation
9201,1995,validation
9202,1995,validation
9203,1995,validation
9204,1995,validation
9205,1995,validation
9206,1995,validation
9207,1995,validation
9208,1995,validation
9209,1995,validation
9210,1995,validation
9211,1995,validation
9212,1995,validation
9213,1995,validation
9214,1995,validation
9215,1995,validation
9216,1995,validation
9217,1995,validation
9218,1995,validation
9219,1995,validation
9220,1995,validation
9221,1995,validation
9222,1995,validation
9223,1995,validation
9224,1995,validation
9225,1995,validation
9226,1995,validation
9227,1995,validation
9228,1995,validation
9229,1995,validation
9230,1995,validation
9231,1995,validation
9232,1995,validation
9233,1995,validation
9234,1995,validation
9235,1995,validation
9236,1995,validation
9237,1995,validation
9238,1995,validation
9239,1995,validation
9240,1995,validation
9241,1995,validation
9242,1995,validation
9243,1995,validation
9244,1995,validation
9245,1995,validation
9246,1995,validation
9247,1995,validation
9248,1995,validation
9249,1995,validation
9250,1995,validation
9251,1995,validation
9252,1995,validation
9253,1995,validation
9254,1995,validation
9255,1995,validation
9256,1995,validation
9257,1995,validation
9258,1995,validation
9259,1995,validation
9260,1995,validation
9261,1995,validation
9262,1995,validation
9263,1995,validation
9264,1995,validation
9265,1995,validation
9266,1995,validation
9267,1995,validation
9268,1995,validation
9269,1995,validation
9270,1995,validation
9271,1995,validation
9272,1995,validation
9273,1995,validation
9274,1995,validation
9275,1995,validation
9276,1995,validation
9277,1995,validation
9278,1995,validation
9279,1995,validation
9280,1995,validation
9281,1995,validation
9282,1995,validation
9283,1995,validation
9284,1995,validation
9285,1995,validation
9286,1995,validation
9287,1995,validation
9288,1995,validation
9289,1995,validation
9290,1995,validation
9291,1995,validation
9292,1995,validation
9293,1995,validation
9294,1995,validation
9295,1995,validation
9296,1995,validation
9297,1995,validation
9298,1995,validation
9299,1995,validation
9300,1995,validation
9301,1995,validation
9302,1995,validation
9303,1995,validation
9304,1995,validation
9305,1995,validation
9306,1995,validation
9307,1995,validation
9308,1995,validation
9309,1995,validation
9310,1995,validation
9311,1995,validation
9312,1995,validation
9313,1995,validation
9314,1995,validation
9315,1995,validation
9316,1995,validation
9317,1995,validation
9318,1995,validation
9319,1995,validation
9320,1995,validation
9321,1995,validation
9322,1995,validation
9323,1995,validation
9324,1995,validation
9325,1995,validation
9326,1995,validation
9327,1995,validation
9328,1995,validation
9329,1995,validation
9330,1995,validation
9331,1995,validation
9332,1995,validation
9333,1995,validation
9334,1995,validation
9335,1995,validation
9336,1995,validation
9337,1995,validation
9338,1995,validation
9339,1995,validation
9340,1995,validation
9341,1995,validation
9342,1995,validation
9343,1995,validation
9344,1995,validation
9345,1995,validation
9346,1995,validation
9347,1995,validation
9348,1995,validation
9349,1995,validation
9350,1995,validation
9351,1995,validation
9352,1995,validation
9353,1995,validation
9354,1995,validation
9355,1995,validation
9356,1995,validation
9357,1995,validation
9358,1995,validation
9359,1995,validation
9360,1995,validation
9361,1995,validation
9362,1995,validation
9363,1995,validation
9364,1995,validation
9365,1995,validation
9366,1995,validation
9367,1995,validation
9368,1995,validation
9369,1995,validation
9370,1995,validation
9371,1995,validation
9372,1995,validation
9373,1995,validation
9374,1995,validation
9375,1995,validation
9376,1995,validation
9377,1995,validation
9378,1995,validation
9379,1995,validation
9380,1995,validation
9381,1995,validation
9382,1995,validation
9383,1995,validation
9384,1995,validation
9385,1995,validation
9386,1995,validation
9387,1995,validation
9388,1995,validation
9389,1995,validation
9390,1995,validation
9391,1995,validation
9392,1995,validation
9393,1995,validation
9394,1995,validation
9395,1995,validation
9396,1995,validation
9397,1995,validation
9398,1995,validation
9399,1995,validation
9400,1995,validation
9401,1995,validation
9402,1995,validation
9403,1995,validation
9404,1995,validation
9405,1995,validation
9406,1995,validation
9407,1995,validation
9408,1995,validation
9409,1995,validation
9410,1995,validation
9411,1995,validation
9412,1995,validation
9413,1995,validation
9414,1995,validation
9415,1995,validation
9416,1995,validation
9417,1995,validation
9418,1995,validation
9419,1995,validation
9420,1995,validation
9421,1995,validation
9422,1995,validation
9423,1995,validation
9424,1995,validation
9425,1995,validation
9426,1995,validation
9427,1995,validation
9428,1995,validation
9429,1995,validation
9430,1995,validation
9431,1995,validation
9432,1995,validation
9433,1995,validation
9434,1995,validation
9435,1995,validation
9436,1995,validation
9437,1995,validation
9438,1995,validation
9439,1995,validation
9440,1995,validation
9441,1995,validation
9442,1995,validation
9443,1995,validation
9444,1995,validation
9445,1995,validation
9446,1995,validation
9447,1995,validation
9448,1995,validation
9449,1995,validation
9450,1995,validation
9451,1995,validation
9452,1995,validation
9453,1995,validation
9454,1995,validation
9455,1995,validation
9456,1995,validation
9457,1995,validation
9458,1995,validation
9459,1995,validation
9460,1995,validation
9461,1995,validation
9462,1995,validation
9463,1995,validation
9464,1995,validation
9465,1995,validation
9466,1995,validation
9467,1995,validation
9468,1995,validation
9469,1995,validation
9470,1995,validation
9471,1995,validation
9472,1995,validation
9473,1995,validation
9474,1995,validation
9475,1995,validation
9476,1995,validation
9477,1995,validation
9478,1995,validation
9479,1995,validation
9480,1995,validation
9481,1995,validation
9482,1995,validation
9483,1995,validation
9484,1995,validation
9485,1995,validation
9486,1995,validation
9487,1995,validation
9488,1995,validation
9489,1995,validation
9490,1995,validation
9491,1995,validation
9492,1995,validation
9493,1995,validation
9494,1995,validation
9495,1995,validation
9496,1995,validation
9497,1995,validation
9498,1995,validation
9499,1995,validation
9500,1995,validation
9501,1995,validation
9502,1995,validation
9503,1995,validation
9504,1995,validation
9505,1995,validation
9506,1995,validation
9507,1995,validation
9508,1995,validation
9509,1995,validation
9510,1995,validation
9511,1995,validation
9512,1995,validation
9513,1995,validation
9514,1995,validation
9515,1995,validation
9516,1995,validation
9517,1995,validation
9518,1995,validation
9519,1995,validation
9520,1995,validation
9521,1995,validation
9522,1995,validation
9523,1995,validation
9524,1995,validation
9525,1995,validation
9526,1995,validation
9527,1995,validation
9528,1995,validation
9529,1995,validation
9530,1995,validation
9531,1995,validation
9532,1995,validation
9533,1995,validation
9534,1995,validation
9535,1995,validation
9536,1995,validation
9537,1995,validation
9538,1995,validation
9539,1995,validation
9540,1995,validation
9541,1995,validation
9542,1995,validation
9543,1995,validation
9544,1995,validation
9545,1995,validation
9546,1995,validation
9547,1995,validation
9548,1995,validation
9549,1995,validation
9550,1995,validation
9551,1995,validation
9552,1995,validation
9553,1995,validation
9554,1995,validation
9555,1995,validation
9556,1995,validation
9557,1995,validation
9558,1995,validation
9559,1995,validation
9560,1995,validation
9561,1995,validation
9562,1995,validation
9563,1995,validation
9564,1995,validation
9565,1995,validation
9566,1995,validation
9567,1995,validation
9568,1995,validation
9569,1995,validation
9570,1995,validation
9571,1995,validation
9572,1995,validation
9573,1995,validation
9574,1995,validation
9575,1995,validation
9576,1995,validation
9577,1995,validation
9578,1995,validation
9579,1995,validation
9580,1995,validation
9581,1995,validation
9582,1995,validation
9583,1995,validation
9584,1995,validation
9585,1995,validation
9586,1995,validation
9587,1995,validation
9588,1995,validation
9589,1995,validation
9590,1995,validation
9591,1995,validation
9592,1995,validation
9593,1995,validation
9594,1995,validation
9595,1995,validation
9596,1995,validation
9597,1995,validation
9598,1995,validation
9599,1995,validation
9600,1995,validation
9601,1995,validation
9602,1995,validation
9603,1995,validation
9604,1995,validation
9605,1995,validation
9606,1995,validation
9607,1995,validation
9608,1995,validation
9609,1995,validation
9610,1995,validation
9611,1995,validation
9612,1995,validation
9613,1995,validation
9614,1995,validation
9615,1995,validation
9616,1995,validation
9617,1995,validation
9618,1995,validation
9619,1995,validation
9620,1995,validation
9621,1995,validation
9622,1995,validation
9623,1995,validation
9624,1995,validation
9625,1995,validation
9626,1995,validation
9627,1995,validation
9628,1995,validation
9629,1995,validation
9630,1995,validation
9631,1995,validation
9632,1995,validation
9633,1995,validation
9634,1995,validation
9635,1995,validation
9636,1995,validation
9637,1995,validation
9638,1995,validation
9639,1995,validation
9640,1995,validation
9641,1995,validation
9642,1995,validation
9643,1995,validation
9644,1995,validation
9645,1995,validation
9646,1995,validation
9647,1995,validation
9648,1995,validation
9649,1995,validation
9650,1995,validation
9651,1995,validation
9652,1995,validation
9653,1995,validation
9654,1995,validation
9655,1995,validation
9656,1995,validation
9657,1995,validation
9658,1995,validation
9659,1995,validation
9660,1995,validation
9661,1995,validation
9662,1995,validation
9663,1995,validation
9664,1995,validation
9665,1995,validation
9666,1995,validation
9667,1995,validation
9668,1995,validation
9669,1995,validation
9670,1995,validation
9671,1995,validation
9672,1995,validation
9673,1995,validation
9674,1995,validation
9675,1995,validation
9676,1995,validation
9677,1995,validation
9678,1995,validation
9679,1995,validation
9680,1995,validation
9681,1995,validation
9682,1995,validation
9683,1995,validation
9684,1995,validation
9685,1995,validation
9686,1995,validation
9687,1995,validation
9688,1995,validation
9689,1995,validation
9690,1995,validation
9691,1995,validation
9692,1995,validation
9693,1995,validation
9694,1995,validation
9695,1995,validation
9696,1995,validation
9697,1995,validation
9698,1995,validation
9699,1995,validation
9700,1995,validation
9701,1995,validation
9702,1995,validation
9703,1995,validation
9704,1995,validation
9705,1995,validation
9706,1995,validation
9707,1995,validation
9708,1995,validation
9709,1995,validation
9710,1995,validation
9711,1995,validation
9712,1995,validation
9713,1995,validation
9714,1995,validation
9715,1995,validation
9716,1995,validation
9717,1995,validation
9718,1995,validation
9719,1995,validation
9720,1995,validation
9721,1995,validation
9722,1995,validation
9723,1995,validation
9724,1995,validation
9725,1995,validation
9726,1995,validation
9727,1995,validation
9728,1995,validation
9729,1995,validation
9730,1995,validation
9731,1995,validation
9732,1995,validation
9733,1995,validation
9734,1995,validation
9735,1995,validation
9736,1995,validation
9737,1995,validation
9738,1995,validation
9739,1995,validation
9740,1995,validation
9741,1995,validation
9742,1995,validation
9743,1995,validation
9744,1995,validation
9745,1995,validation
9746,1995,validation
9747,1995,validation
9748,1995,validation
9749,1995,validation
9750,1995,validation
9751,1995,validation
9752,1995,validation
9753,1995,validation
9754,1995,validation
9755,1995,validation
9756,1995,validation
9757,1995,validation
9758,1995,validation
9759,1995,validation
9760,1995,validation
9761,1995,validation
9762,1995,validation
9763,1995,validation
9764,1995,validation
9765,1995,validation
9766,1995,validation
9767,1995,validation
9768,1995,validation
9769,1995,validation
9770,1995,validation
9771,1995,validation
9772,1995,validation
9773,1995,validation
9774,1995,validation
9775,1995,validation
9776,1995,validation
9777,1995,validation
9778,1995,validation
9779,1995,validation
9780,1995,validation
9781,1995,validation
9782,1995,validation
9783,1995,validation
9784,1995,validation
9785,1995,validation
9786,1995,validation
9787,1995,validation
9788,1995,validation
9789,1995,validation
9790,1995,validation
9791,1995,validation
9792,1995,validation
9793,1995,validation
9794,1995,validation
9795,1995,validation
9796,1995,validation
9797,1995,validation
9798,1995,validation
9799,1995,validation
9800,1995,validation
9801,1995,validation
9802,1995,validation
9803,1995,validation
9804,1995,validation
9805,1995,validation
9806,1995,validation
9807,1995,validation
9808,1995,validation
9809,1995,validation
9810,1995,validation
9811,1995,validation
9812,1995,validation
9813,1995,validation
9814,1995,validation
9815,1995,validation
9816,1995,validation
9817,1995,validation
9818,1995,validation
9819,1995,validation
9820,1995,validation
9821,1995,validation
9822,1995,validation
9823,1995,validation
9824,1995,validation
9825,1995,validation
9826,1995,validation
9827,1995,validation
9828,1995,validation
9829,1995,validation
9830,1995,validation
9831,1995,validation
9832,1995,validation
9833,1995,validation
9834,1995,validation
9835,1995,validation
9836,1995,validation
9837,1995,validation
9838,1995,validation
9839,1995,validation
9840,1995,validation
9841,1995,validation
9842,1995,validation
9843,1995,validation
9844,1995,validation
9845,1995,validation
9846,1995,validation
9847,1995,validation
9848,1995,validation
9849,1995,validation
9850,1995,validation
9851,1995,validation
9852,1995,validation
9853,1995,validation
9854,1995,validation
9855,1995,validation
9856,1995,validation
9857,1995,validation
9858,1995,validation
9859,1995,validation
9860,1995,validation
9861,1995,validation
9862,1995,validation
9863,1995,validation
9864,1995,validation
9865,1995,validation
9866,1995,validation
9867,1995,validation
9868,1995,validation
9869,1995,validation
9870,1995,validation
9871,1995,validation
9872,1995,validation
9873,1995,validation
9874,1995,validation
9875,1995,validation
9876,1995,validation
9877,1995,validation
9878,1995,validation
9879,1995,validation
9880,1995,validation
9881,1995,validation
9882,1995,validation
9883,1995,validation
9884,1995,validation
9885,1995,validation
9886,1995,validation
9887,1995,validation
9888,1995,validation
9889,1995,validation
9890,1995,validation
9891,1995,validation
9892,1995,validation
9893,1995,validation
9894,1995,validation
9895,1995,validation
9896,1995,validation
9897,1995,validation
9898,1995,validation
9899,1995,validation
9900,1995,validation
9901,1995,validation
9902,1995,validation
9903,1995,validation
9904,1995,validation
9905,1995,validation
9906,1995,validation
9907,1995,validation
9908,1995,validation
9909,1995,validation
9910,1995,validation
9911,1995,validation
9912,1995,validation
9913,1995,validation
9914,1995,validation
9915,1995,validation
9916,1995,validation
9917,1995,validation
9918,1995,validation
9919,1995,validation
9920,1995,validation
9921,1995,validation
9922,1995,validation
9923,1995,validation
9924,1995,validation
9925,1995,validation
9926,1995,validation
9927,1995,validation
9928,1995,validation
9929,1995,validation
9930,1995,validation
9931,1995,validation
9932,1995,validation
9933,1995,validation
9934,1995,validation
9935,1995,validation
9936,1995,validation
9937,1995,validation
9938,1995,validation
9939,1995,validation
9940,1995,validation
9941,1995,validation
9942,1995,validation
9943,1995,validation
9944,1995,validation
9945,1995,validation
9946,1995,validation
9947,1995,validation
9948,1995,validation
9949,1995,validation
9950,1995,validation
9951,1995,validation
9952,1995,validation
9953,1995,validation
9954,1995,validation
9955,1995,validation
9956,1995,validation
9957,1995,validation
9958,1995,validation
9959,1995,validation
9960,1995,validation
9961,1995,validation
9962,1995,validation
9963,1995,validation
9964,1995,validation
9965,1995,validation
9966,1995,validation
9967,1995,validation
9968,1995,validation
9969,1995,validation
9970,1995,validation
9971,1995,validation
9972,1995,validation
9973,1995,validation
9974,1995,validation
9975,1995,validation
9976,1995,validation
9977,1995,validation
9978,1995,validation
9979,1995,validation
9980,1995,validation
9981,1995,validation
9982,1995,validation
9983,1995,validation
9984,1995,validation
9985,1995,validation
9986,1995,validation
9987,1995,validation
9988,1995,validation
9989,1995,validation
9990,1995,validation
9991,1995,validation
9992,1995,validation
9993,1995,validation
9994,1995,validation
9995,1995,validation
9996,1995,validation
9997,1995,validation
9998,1995,validation
9999,1995,validation
10000,1995,validation
10001,1995,validation
10002,1995,validation
10003,1995,validation
10004,1995,validation
10005,1995,validation
10006,1995,validation
10007,1995,validation
10008,1995,validation
10009,1995,validation
10010,1995,validation
10011,1995,validation
10012,1995,validation
10013,1995,validation
10014,1995,validation
10015,1995,validation
10016,1995,validation
10017,1995,validation
10018,1995,validation
10019,1995,validation
10020,1995,validation
10021,1995,validation
10022,1995,validation
10023,1995,validation
10024,1995,validation
10025,1995,validation
10026,1995,validation
10027,1995,validation
10028,1995,validation
10029,1995,validation
10030,1995,validation
10031,1995,validation
10032,1995,validation
10033,1995,validation
10034,1995,validation
10035,1995,validation
10036,1995,validation
10037,1995,validation
10038,1995,validation
10039,1995,validation
10040,1995,validation
10041,1995,validation
10042,1995,validation
10043,1995,validation
10044,1995,validation
10045,1995,validation
10046,1995,validation
10047,1995,validation
10048,1995,validation
10049,1995,validation
10050,1995,validation
10051,1995,validation
10052,1995,validation
10053,1995,validation
10054,1995,validation
10055,1995,validation
10056,1995,validation
10057,1995,validation
10058,1995,validation
10059,1995,validation
10060,1995,validation
10061,1995,validation
10062,1995,validation
10063,1995,validation
10064,1995,validation
10065,1995,validation
10066,1995,validation
10067,1995,validation
10068,1995,validation
10069,1995,validation
10070,1995,validation
10071,1995,validation
10072,1995,validation
10073,1995,validation
10074,1995,validation
10075,1995,validation
10076,1995,validation
10077,1995,validation
10078,1995,validation
10079,1995,validation
10080,1995,validation
10081,1995,validation
10082,1995,validation
10083,1995,validation
10084,1995,validation
10085,1995,validation
10086,1995,validation
10087,1995,validation
10088,1995,validation
10089,1995,validation
10090,1995,validation
10091,1995,validation
10092,1995,validation
10093,1995,validation
10094,1995,validation
10095,1995,validation
10096,1995,validation
10097,1995,validation
10098,1995,validation
10099,1995,validation
10100,1995,validation
10101,1995,validation
10102,1995,validation
10103,1995,validation
10104,1995,validation
10105,1995,validation
10106,1995,validation
10107,1995,validation
10108,1995,validation
10109,1995,validation
10110,1995,validation
10111,1995,validation
10112,1995,validation
10113,1995,validation
10114,1995,validation
10115,1995,validation
10116,1995,validation
10117,1995,validation
10118,1995,validation
10119,1995,validation
10120,1995,validation
10121,1995,validation
10122,1995,validation
10123,1995,validation
10124,1995,validation
10125,1995,validation
10126,1995,validation
10127,1995,validation
10128,1995,validation
10129,1995,validation
10130,1995,validation
10131,1995,validation
10132,1995,validation
10133,1995,validation
10134,1995,validation
10135,1995,validation
10136,1995,validation
10137,1995,validation
10138,1995,validation
10139,1995,validation
10140,1995,validation
10141,1995,validation
10142,1995,validation
10143,1995,validation
10144,1995,validation
10145,1995,validation
10146,1995,validation
10147,1995,validation
10148,1995,validation
10149,1995,validation
10150,1995,validation
10151,1995,validation
10152,1995,validation
10153,1995,validation
10154,1995,validation
10155,1995,validation
10156,1995,validation
10157,1995,validation
10158,1995,validation
10159,1995,validation
10160,1995,validation
10161,1995,validation
10162,1995,validation
10163,1995,validation
10164,1995,validation
10165,1995,validation
10166,1995,validation
10167,1995,validation
10168,1995,validation
10169,1995,validation
10170,1995,validation
10171,1995,validation
10172,1995,validation
10173,1995,validation
10174,1995,validation
10175,1995,validation
10176,1995,validation
10177,1995,validation
10178,1995,validation
10179,1995,validation
10180,1995,validation
10181,1995,validation
10182,1995,validation
10183,1995,validation
10184,1995,validation
10185,1995,validation
10186,1995,validation
10187,1995,validation
10188,1995,validation
10189,1995,validation
10190,1995,validation
10191,1995,validation
10192,1995,validation
10193,1995,validation
10194,1995,validation
10195,1995,validation
10196,1995,validation
10197,1995,validation
10198,1995,validation
10199,1995,validation
10200,1995,validation
10201,1995,validation
10202,1995,validation
10203,1995,validation
10204,1995,validation
10205,1995,validation
10206,1995,validation
10207,1995,validation
10208,1995,validation
10209,1995,validation
10210,1995,validation
10211,1995,validation
10212,1995,validation
10213,1995,validation
10214,1995,validation
10215,1995,validation
10216,1995,validation
10217,1995,validation
10218,1995,validation
10219,1995,validation
10220,1995,validation
10221,1995,validation
10222,1995,validation
10223,1995,validation
10224,1995,validation
10225,1995,validation
10226,1995,validation
10227,1995,validation
10228,1995,validation
10229,1995,validation
10230,1995,validation
10231,1995,validation
10232,1995,validation
10233,1995,validation
10234,1995,validation
10235,1995,validation
10236,1995,validation
10237,1995,validation
10238,1995,validation
10239,1995,validation
10240,1995,validation
10241,1995,validation
10242,1995,validation
10243,1995,validation
10244,1995,validation
10245,1995,validation
10246,1995,validation
10247,1995,validation
10248,1995,validation
10249,1995,validation
10250,1995,validation
10251,1995,validation
10252,1995,validation
10253,1995,validation
10254,1995,validation
10255,1995,validation
10256,1995,validation
10257,1995,validation
10258,1995,validation
10259,1995,validation
10260,1995,validation
10261,1995,validation
10262,1995,validation
10263,1995,validation
10264,1995,validation
10265,1995,validation
10266,1995,validation
10267,1995,validation
10268,1995,validation
10269,1995,validation
10270,1995,validation
10271,1995,validation
10272,1995,validation
10273,1995,validation
10274,1995,validation
10275,1995,validation
10276,1995,validation
10277,1995,validation
10278,1995,validation
10279,1995,validation
10280,1995,validation
10281,1995,validation
10282,1995,validation
10283,1995,validation
10284,1995,validation
10285,1995,validation
10286,1995,validation
10287,1995,validation
10288,1995,validation
10289,1995,validation
10290,1995,validation
10291,1995,validation
10292,1995,validation
10293,1995,validation
10294,1995,validation
10295,1995,validation
10296,1995,validation
10297,1995,validation
10298,1995,validation
10299,1995,validation
10300,1995,validation
10301,1995,validation
10302,1995,validation
10303,1995,validation
10304,1995,validation
10305,1995,validation
10306,1995,validation
10307,1995,validation
10308,1995,validation
10309,1995,validation
10310,1995,validation
10311,1995,validation
10312,1995,validation
10313,1995,validation
10314,1995,validation
10315,1995,validation
10316,1995,validation
10317,1995,validation
10318,1995,validation
10319,1995,validation
10320,1995,validation
10321,1995,validation
10322,1995,validation
10323,1995,validation
10324,1995,validation
10325,1995,validation
10326,1995,validation
10327,1995,validation
10328,1995,validation
10329,1995,validation
10330,1995,validation
10331,1995,validation
10332,1995,validation
10333,1995,validation
10334,1995,validation
10335,1995,validation
10336,1995,validation
10337,1995,validation
10338,1995,validation
10339,1995,validation
10340,1995,validation
10341,1995,validation
10342,1995,validation
10343,1995,validation
10344,1995,validation
10345,1995,validation
10346,1995,validation
10347,1995,validation
10348,1995,validation
10349,1995,validation
10350,1995,validation
10351,1995,validation
10352,1995,validation
10353,1995,validation
10354,1995,validation
10355,1995,validation
10356,1995,validation
10357,1995,validation
10358,1995,validation
10359,1995,validation
10360,1995,validation
10361,1995,validation
10362,1995,validation
10363,1995,validation
10364,1995,validation
10365,1995,validation
10366,1995,validation
10367,1995,validation
10368,1995,validation
10369,1995,validation
10370,1995,validation
10371,1995,validation
10372,1995,validation
10373,1995,validation
10374,1995,validation
10375,1995,validation
10376,1995,validation
10377,1995,validation
10378,1995,validation
10379,1995,validation
10380,1995,validation
10381,1995,validation
10382,1995,validation
10383,1995,validation
10384,1995,validation
10385,1995,validation
10386,1995,validation
10387,1995,validation
10388,1995,validation
10389,1995,validation
10390,1995,validation
10391,1995,validation
10392,1995,validation
10393,1995,validation
10394,1995,validation
10395,1995,validation
10396,1995,validation
10397,1995,validation
10398,1995,validation
10399,1995,validation
10400,1995,validation
10401,1995,validation
10402,1995,validation
10403,1995,validation
10404,1995,validation
10405,1995,validation
10406,1995,validation
10407,1995,validation
10408,1995,validation
10409,1995,validation
10410,1995,validation
10411,1995,validation
10412,1995,validation
10413,1995,validation
10414,1995,validation
10415,1995,validation
10416,1995,validation
10417,1995,validation
10418,1995,validation
10419,1995,validation
10420,1995,validation
10421,1995,validation
10422,1995,validation
10423,1995,validation
10424,1995,validation
10425,1995,validation
10426,1995,validation
10427,1995,validation
10428,1995,validation
10429,1995,validation
10430,1995,validation
10431,1995,validation
10432,1995,validation
10433,1995,validation
10434,1995,validation
10435,1995,validation
10436,1995,validation
10437,1995,validation
10438,1995,validation
10439,1995,validation
10440,1995,validation
10441,1995,validation
10442,1995,validation
10443,1995,validation
10444,1995,validation
10445,1995,validation
10446,1995,validation
10447,1995,validation
10448,1995,validation
10449,1995,validation
10450,1995,validation
10451,1995,validation
10452,1995,validation
10453,1995,validation
10454,1995,validation
10455,1995,validation
10456,1995,validation
10457,1995,validation
10458,1995,validation
10459,1995,validation
10460,1995,validation
10461,1995,validation
10462,1995,validation
10463,1995,validation
10464,1995,validation
10465,1995,validation
10466,1995,validation
10467,1995,validation
10468,1995,validation
10469,1995,validation
10470,1995,validation
10471,1995,validation
10472,1995,validation
10473,1995,validation
10474,1995,validation
10475,1995,validation
10476,1995,validation
10477,1995,validation
10478,1995,validation
10479,1995,validation
10480,1995,validation
10481,1995,validation
10482,1995,validation
10483,1995,validation
10484,1995,validation
10485,1995,validation
10486,1995,validation
10487,1995,validation
10488,1995,validation
10489,1995,validation
10490,1995,validation
10491,1995,validation
10492,1995,validation
10493,1995,validation
10494,1995,validation
10495,1995,validation
10496,1995,validation
10497,1995,validation
10498,1995,validation
10499,1995,validation
10500,1995,validation
10501,1995,validation
10502,1995,validation
10503,1995,validation
10504,1995,validation
10505,1995,validation
10506,1995,validation
10507,1995,validation
10508,1995,validation
10509,1995,validation
10510,1995,validation
10511,1995,validation
10512,1995,validation
10513,1995,validation
10514,1995,validation
10515,1995,validation
10516,1995,validation
10517,1995,validation
10518,1995,validation
10519,1995,validation
10520,1995,validation
10521,1995,validation
10522,1995,validation
10523,1995,validation
10524,1995,validation
10525,1995,validation
10526,1995,validation
10527,1995,validation
10528,1995,validation
10529,1995,validation
10530,1995,validation
10531,1995,validation
10532,1995,validation
10533,1995,validation
10534,1995,validation
10535,1995,validation
10536,1995,validation
10537,1995,validation
10538,1995,validation
10539,1995,validation
10540,1995,validation
10541,1995,validation
10542,1995,validation
10543,1995,validation
10544,1995,validation
10545,1995,validation
10546,1995,validation
10547,1995,validation
10548,1995,validation
10549,1995,validation
10550,1995,validation
10551,1995,validation
10552,1995,validation
10553,1995,validation
10554,1995,validation
10555,1995,validation
10556,1995,validation
10557,1995,validation
10558,1995,validation
10559,1995,validation
10560,1995,validation
10561,1995,validation
10562,1995,validation
10563,1995,validation
10564,1995,validation
10565,1995,validation
10566,1995,validation
10567,1995,validation
10568,1995,validation
10569,1995,validation
10570,1995,validation
10571,1995,validation
10572,1995,validation
10573,1995,validation
10574,1995,validation
10575,1995,validation
10576,1995,validation
10577,1995,validation
10578,1995,validation
10579,1995,validation
10580,1995,validation
10581,1995,validation
10582,1995,validation
10583,1995,validation
10584,1995,validation
10585,1995,validation
10586,1995,validation
10587,1995,validation
10588,1995,validation
10589,1995,validation
10590,1995,validation
10591,1995,validation
10592,1995,validation
10593,1995,validation
10594,1995,validation
10595,1995,validation
10596,1995,validation
10597,1995,validation
10598,1995,validation
10599,1995,validation
10600,1995,validation
10601,1995,validation
10602,1995,validation
10603,1995,validation
10604,1995,validation
10605,1995,validation
10606,1995,validation
10607,1995,validation
10608,1995,validation
10609,1995,validation
10610,1995,validation
10611,1995,validation
10612,1995,validation
10613,1995,validation
10614,1995,validation
10615,1995,validation
10616,1995,validation
10617,1995,validation
10618,1995,validation
10619,1995,validation
10620,1995,validation
10621,1995,validation
10622,1995,validation
10623,1995,validation
10624,1995,validation
10625,1995,validation
10626,1995,validation
10627,1995,validation
10628,1995,validation
10629,1995,validation
10630,1995,validation
10631,1995,validation
10632,1995,validation
10633,1995,validation
10634,1995,validation
10635,1995,validation
10636,1995,validation
10637,1995,validation
10638,1995,validation
10639,1995,validation
10640,1995,validation
10641,1995,validation
10642,1995,validation
10643,1995,validation
10644,1995,validation
10645,1995,validation
10646,1995,validation
10647,1995,validation
10648,1995,validation
10649,1995,validation
10650,1995,validation
10651,1995,validation
10652,1995,validation
10653,1995,validation
10654,1995,validation
10655,1995,validation
10656,1995,validation
10657,1995,validation
10658,1995,validation
10659,1995,validation
10660,1995,validation
10661,1995,validation
10662,1995,validation
10663,1995,validation
10664,1995,validation
10665,1995,validation
10666,1995,validation
10667,1995,validation
10668,1995,validation
10669,1995,validation
10670,1995,validation
10671,1995,validation
10672,1995,validation
10673,1995,validation
10674,1995,validation
10675,1995,validation
10676,1995,validation
10677,1995,validation
10678,1995,validation
10679,1995,validation
10680,1995,validation
10681,1995,validation
10682,1995,validation
10683,1995,validation
10684,1995,validation
10685,1995,validation
10686,1995,validation
10687,1995,validation
10688,1995,validation
10689,1995,validation
10690,1995,validation
10691,1995,validation
10692,1995,validation
10693,1995,validation
10694,1995,validation
10695,1995,validation
10696,1995,validation
10697,1995,validation
10698,1995,validation
10699,1995,validation
10700,1995,validation
10701,1995,validation
10702,1995,validation
10703,1995,validation
10704,1995,validation
10705,1995,validation
10706,1995,validation
10707,1995,validation
10708,1995,validation
10709,1995,validation
10710,1995,validation
10711,1995,validation
10712,1995,validation
10713,1995,validation
10714,1995,validation
10715,1995,validation
10716,1995,validation
10717,1995,validation
10718,1995,validation
10719,1995,validation
10720,1995,validation
10721,1995,validation
10722,1995,validation
10723,1995,validation
10724,1995,validation
10725,1995,validation
10726,1995,validation
10727,1995,validation
10728,1995,validation
10729,1995,validation
10730,1995,validation
10731,1995,validation
10732,1995,validation
10733,1995,validation
10734,1995,validation
10735,1995,validation
10736,1995,validation
10737,1995,validation
10738,1995,validation
10739,1995,validation
10740,1995,validation
10741,1995,validation
10742,1995,validation
10743,1995,validation
10744,1995,validation
10745,1995,validation
10746,1995,validation
10747,1995,validation
10748,1995,validation
10749,1995,validation
10750,1995,validation
10751,1995,validation
10752,1995,validation
10753,1995,validation
10754,1995,validation
10755,1995,validation
10756,1995,validation
10757,1995,validation
10758,1995,validation
10759,1995,validation
10760,1995,validation
10761,1995,validation
10762,1995,validation
10763,1995,validation
10764,1995,validation
10765,1995,validation
10766,1995,validation
10767,1995,validation
10768,1995,validation
10769,1995,validation
10770,1995,validation
10771,1995,validation
10772,1995,validation
10773,1995,validation
10774,1995,validation
10775,1995,validation
10776,1995,validation
10777,1995,validation
10778,1995,validation
10779,1995,validation
10780,1995,validation
10781,1995,validation
10782,1995,validation
10783,1995,validation
10784,1995,validation
10785,1995,validation
10786,1995,validation
10787,1995,validation
10788,1995,validation
10789,1995,validation
10790,1995,validation
10791,1995,validation
10792,1995,validation
10793,1995,validation
10794,1995,validation
10795,1995,validation
10796,1995,validation
10797,1995,validation
10798,1995,validation
10799,1995,validation
10800,1995,validation
10801,1995,validation
10802,1995,validation
10803,1995,validation
10804,1995,validation
10805,1995,validation
10806,1995,validation
10807,1995,validation
10808,1995,validation
10809,1995,validation
10810,1995,validation
10811,1995,validation
10812,1995,validation
10813,1995,validation
10814,1995,validation
10815,1995,validation
10816,1995,validation
10817,1995,validation
10818,1995,validation
10819,1995,validation
10820,1995,validation
10821,1995,validation
10822,1995,validation
10823,1995,validation
10824,1995,validation
10825,1995,validation
10826,1995,validation
10827,1995,validation
10828,1995,validation
10829,1995,validation
10830,1995,validation
10831,1995,validation
10832,1995,validation
10833,1995,validation
10834,1995,validation
10835,1995,validation
10836,1995,validation
10837,1995,validation
10838,1995,validation
10839,1995,validation
10840,1995,validation
10841,1995,validation
10842,1995,validation
10843,1995,validation
10844,1995,validation
10845,1995,validation
10846,1995,validation
10847,1995,validation
10848,1995,validation
10849,1995,validation
10850,1995,validation
10851,1995,validation
10852,1995,validation
10853,1995,validation
10854,1995,validation
10855,1995,validation
10856,1995,validation
10857,1995,validation
10858,1995,validation
10859,1995,validation
10860,1995,validation
10861,1995,validation
10862,1995,validation
10863,1995,validation
10864,1995,validation
10865,1995,validation
10866,1995,validation
10867,1995,validation
10868,1995,validation
10869,1995,validation
10870,1995,validation
10871,1995,validation
10872,1995,validation
10873,1995,validation
10874,1995,validation
10875,1995,validation
10876,1995,validation
10877,1995,validation
10878,1995,validation
10879,1995,validation
10880,1995,validation
10881,1995,validation
10882,1995,validation
10883,1995,validation
10884,1995,validation
10885,1995,validation
10886,1995,validation
10887,1995,validation
10888,1995,validation
10889,1995,validation
10890,1995,validation
10891,1995,validation
10892,1995,validation
10893,1995,validation
10894,1995,validation
10895,1995,validation
10896,1995,validation
10897,1995,validation
10898,1995,validation
10899,1995,validation
10900,1995,validation
10901,1995,validation
10902,1995,validation
10903,1995,validation
10904,1995,validation
10905,1995,validation
10906,1995,validation
10907,1995,validation
10908,1995,validation
10909,1995,validation
10910,1995,validation
10911,1995,validation
10912,1995,validation
10913,1995,validation
10914,1995,validation
10915,1995,validation
10916,1995,validation
10917,1995,validation
10918,1995,validation
10919,1995,validation
10920,1995,validation
10921,1995,validation
10922,1995,validation
10923,1995,validation
10924,1995,validation
10925,1995,validation
10926,1995,validation
10927,1995,validation
10928,1995,validation
10929,1995,validation
10930,1995,validation
10931,1995,validation
10932,1995,validation
10933,1995,validation
10934,1995,validation
10935,1995,validation
10936,1995,validation
10937,1995,validation
10938,1995,validation
10939,1995,validation
10940,1995,validation
10941,1995,validation
10942,1995,validation
10943,1995,validation
10944,1995,validation
10945,1995,validation
10946,1995,validation
10947,1995,validation
10948,1995,validation
10949,1995,validation
10950,1995,validation
10951,1995,validation
10952,1995,validation
10953,1995,validation
10954,1995,validation
10955,1995,validation
10956,1995,validation
10957,1995,validation
10958,1995,validation
10959,1995,validation
10960,1995,validation
10961,1995,validation
10962,1995,validation
10963,1995,validation
10964,1995,validation
10965,1995,validation
10966,1995,validation
10967,1995,validation
10968,1995,validation
10969,1995,validation
10970,1995,validation
10971,1995,validation
10972,1995,validation
10973,1995,validation
10974,1995,validation
10975,1995,validation
10976,1995,validation
10977,1995,validation
10978,1995,validation
10979,1995,validation
10980,1995,validation
10981,1995,validation
10982,1995,validation
10983,1995,validation
10984,1995,validation
10985,1995,validation
10986,1995,validation
10987,1995,validation
10988,1995,validation
10989,1995,validation
10990,1995,validation
10991,1995,validation
10992,1995,validation
10993,1995,validation
10994,1995,validation
10995,1995,validation
10996,1995,validation
10997,1995,validation
10998,1995,validation
10999,1995,validation
11000,1995,validation
11001,1995,validation
11002,1995,validation
11003,1995,validation
11004,1995,validation
11005,1995,validation
11006,1995,validation
11007,1995,validation
11008,1995,validation
11009,1995,validation
11010,1995,validation
11011,1995,validation
11012,1995,validation
11013,1995,validation
11014,1995,validation
11015,1995,validation
11016,1995,validation
11017,1995,validation
11018,1995,validation
11019,1995,validation
11020,1995,validation
11021,1995,validation
11022,1995,validation
11023,1995,validation
11024,1995,validation
11025,1995,validation
11026,1995,validation
11027,1995,validation
11028,1995,validation
11029,1995,validation
11030,1995,validation
11031,1995,validation
11032,1995,validation
11033,1995,validation
11034,1995,validation
11035,1995,validation
11036,1995,validation
11037,1995,validation
11038,1995,validation
11039,1995,validation
11040,1995,validation
11041,1995,validation
11042,1995,validation
11043,1995,validation
11044,1995,validation
11045,1995,validation
11046,1995,validation
11047,1995,validation
11048,1995,validation
11049,1995,validation
11050,1995,validation
11051,1995,validation
11052,1995,validation
11053,1995,validation
11054,1995,validation
11055,1995,validation
11056,1995,validation
11057,1995,validation
11058,1995,validation
11059,1995,validation
11060,1995,validation
11061,1995,validation
11062,1995,validation
11063,1995,validation
11064,1995,validation
11065,1995,validation
11066,1995,validation
11067,1995,validation
11068,1995,validation
11069,1995,validation
11070,1995,validation
11071,1995,validation
11072,1995,validation
11073,1995,validation
11074,1995,validation
11075,1995,validation
11076,1995,validation
11077,1995,validation
11078,1995,validation
11079,1995,validation
11080,1995,validation
11081,1995,validation
11082,1995,validation
11083,1995,validation
11084,1995,validation
11085,1995,validation
11086,1995,validation
11087,1995,validation
11088,1995,validation
11089,1995,validation
11090,1995,validation
11091,1995,validation
11092,1995,validation
11093,1995,validation
11094,1995,validation
11095,1995,validation
11096,1995,validation
11097,1995,validation
11098,1995,validation
11099,1995,validation
11100,1995,validation
11101,1995,validation
11102,1995,validation
11103,1995,validation
11104,1995,validation
11105,1995,validation
11106,1995,validation
11107,1995,validation
11108,1995,validation
11109,1995,validation
11110,1995,validation
11111,1995,validation
11112,1995,validation
11113,1995,validation
11114,1995,validation
11115,1995,validation
11116,1995,validation
11117,1995,validation
11118,1995,validation
11119,1995,validation
11120,1995,validation
11121,1995,validation
11122,1995,validation
11123,1995,validation
11124,1995,validation
11125,1995,validation
11126,1995,validation
11127,1995,validation
11128,1995,validation
11129,1995,validation
11130,1995,validation
11131,1995,validation
11132,1995,validation
11133,1995,validation
11134,1995,validation
11135,1995,validation
11136,1995,validation
11137,1995,validation
11138,1995,validation
11139,1995,validation
11140,1995,validation
11141,1995,validation
11142,1995,validation
11143,1995,validation
11144,1995,validation
11145,1995,validation
11146,1995,validation
11147,1995,validation
11148,1995,validation
11149,1995,validation
11150,1995,validation
11151,1995,validation
11152,1995,validation
11153,1995,validation
11154,1995,validation
11155,1995,validation
11156,1995,validation
11157,1995,validation
11158,1995,validation
11159,1995,validation
11160,1995,validation
11161,1995,validation
11162,1995,validation
11163,1995,validation
11164,1995,validation
11165,1995,validation
11166,1995,validation
11167,1995,validation
11168,1995,validation
11169,1995,validation
11170,1995,validation
11171,1995,validation
11172,1995,validation
11173,1995,validation
11174,1995,validation
11175,1995,validation
11176,1995,validation
11177,1995,validation
11178,1995,validation
11179,1995,validation
11180,1995,validation
11181,1995,validation
11182,1995,validation
11183,1995,validation
11184,1995,validation
11185,1995,validation
11186,1995,validation
11187,1995,validation
11188,1995,validation
11189,1995,validation
11190,1995,validation
11191,1995,validation
11192,1995,validation
11193,1995,validation
11194,1995,validation
11195,1995,validation
11196,1995,validation
11197,1995,validation
11198,1995,validation
11199,1995,validation
11200,1995,validation
11201,1995,validation
11202,1995,validation
11203,1995,validation
11204,1995,validation
11205,1995,validation
11206,1995,validation
11207,1995,validation
11208,1995,validation
11209,1995,validation
11210,1995,validation
11211,1995,validation
11212,1995,validation
11213,1995,validation
11214,1995,validation
11215,1995,validation
11216,1995,validation
11217,1995,validation
11218,1995,validation
11219,1995,validation
11220,1995,validation
11221,1995,validation
11222,1995,validation
11223,1995,validation
11224,1995,validation
11225,1995,validation
11226,1995,validation
11227,1995,validation
11228,1995,validation
11229,1995,validation
11230,1995,validation
11231,1995,validation
11232,1995,validation
11233,1995,validation
11234,1995,validation
11235,1995,validation
11236,1995,validation
11237,1995,validation
11238,1995,validation
11239,1995,validation
11240,1995,validation
11241,1995,validation
11242,1995,validation
11243,1995,validation
11244,1995,validation
11245,1995,validation
11246,1995,validation
11247,1995,validation
11248,1995,validation
11249,1995,validation
11250,1995,validation
11251,1995,validation
11252,1995,validation
11253,1995,validation
11254,1995,validation
11255,1995,validation
11256,1995,validation
11257,1995,validation
11258,1995,validation
11259,1995,validation
11260,1995,validation
11261,1995,validation
11262,1995,validation
11263,1995,validation
11264,1995,validation
11265,1995,validation
11266,1995,validation
11267,1995,validation
11268,1995,validation
11269,1995,validation
11270,1995,validation
11271,1995,validation
11272,1995,validation
11273,1995,validation
11274,1995,validation
11275,1995,validation
11276,1995,validation
11277,1995,validation
11278,1995,validation
11279,1995,validation
11280,1995,validation
11281,1995,validation
11282,1995,validation
11283,1995,validation
11284,1995,validation
11285,1995,validation
11286,1995,validation
11287,1995,validation
11288,1995,validation
11289,1995,validation
11290,1995,validation
11291,1995,validation
11292,1995,validation
11293,1995,validation
11294,1995,validation
11295,1995,validation
11296,1995,validation
11297,1995,validation
11298,1995,validation
11299,1995,validation
11300,1995,validation
11301,1995,validation
11302,1995,validation
11303,1995,validation
11304,1995,validation
11305,1995,validation
11306,1995,validation
11307,1995,validation
11308,1995,validation
11309,1995,validation
11310,1995,validation
11311,1995,validation
11312,1995,validation
11313,1995,validation
11314,1995,validation
11315,1995,validation
11316,1995,validation
11317,1995,validation
11318,1995,validation
11319,1995,validation
11320,1995,validation
11321,1995,validation
11322,1995,validation
11323,1995,validation
11324,1995,validation
11325,1995,validation
11326,1995,validation
11327,1995,validation
11328,1995,validation
11329,1995,validation
11330,1995,validation
11331,1995,validation
11332,1995,validation
11333,1995,validation
11334,1995,validation
11335,1995,validation
11336,1995,validation
11337,1995,validation
11338,1996,test
11339,1996,test
11340,1996,test
11341,1996,test
11342,1996,test
11343,1996,test
11344,1996,test
11345,1996,test
11346,1996,test
11347,1996,test
11348,1996,test
11349,1996,test
11350,1996,test
11351,1996,test
11352,1996,test
11353,1996,test
11354,1996,test
11355,1996,test
11356,1996,test
11357,1996,test
11358,1996,test
11359,1996,test
11360,1996,test
11361,1996,test
11362,1996,test
11363,1996,test
11364,1996,test
11365,1996,test
11366,1996,test
11367,1996,test
11368,1996,test
11369,1996,test
11370,1996,test
11371,1996,test
11372,1996,test
11373,1996,test
11374,1996,test
11375,1996,test
11376,1996,test
11377,1996,test
11378,1996,test
11379,1996,test
11380,1996,test
11381,1996,test
11382,1996,test
11383,1996,test
11384,1996,test
11385,1996,test
11386,1996,test
11387,1996,test
11388,1996,test
11389,1996,test
11390,1996,test
11391,1996,test
11392,1996,test
11393,1996,test
11394,1996,test
11395,1996,test
11396,1996,test
11397,1996,test
11398,1996,test
11399,1996,test
11400,1996,test
11401,1996,test
11402,1996,test
11403,1996,test
11404,1996,test
11405,1996,test
11406,1996,test
11407,1996,test
11408,1996,test
11409,1996,test
11410,1996,test
11411,1996,test
11412,1996,test
11413,1996,test
11414,1996,test
11415,1996,test
11416,1996,test
11417,1996,test
11418,1996,test
11419,1996,test
11420,1996,test
11421,1996,test
11422,1996,test
11423,1996,test
11424,1996,test
11425,1996,test
11426,1996,test
11427,1996,test
11428,1996,test
11429,1996,test
11430,1996,test
11431,1996,test
11432,1996,test
11433,1996,test
11434,1996,test
11435,1996,test
11436,1996,test
11437,1996,test
11438,1996,test
11439,1996,test
11440,1996,test
11441,1996,test
11442,1996,test
11443,1996,test
11444,1996,test
11445,1996,test
11446,1996,test
11447,1996,test
11448,1996,test
11449,1996,test
11450,1996,test
11451,1996,test
11452,1996,test
11453,1996,test
11454,1996,test
11455,1996,test
11456,1996,test
11457,1996,test
11458,1996,test
11459,1996,test
11460,1996,test
11461,1996,test
11462,1996,test
11463,1996,test
11464,1996,test
11465,1996,test
11466,1996,test
11467,1996,test
11468,1996,test
11469,1996,test
11470,1996,test
11471,1996,test
11472,1996,test
11473,1996,test
11474,1996,test
11475,1996,test
11476,1996,test
11477,1996,test
11478,1996,test
11479,1996,test
11480,1996,test
11481,1996,test
11482,1996,test
11483,1996,test
11484,1996,test
11485,1996,test
11486,1996,test
11487,1996,test
11488,1996,test
11489,1996,test
11490,1996,test
11491,1996,test
11492,1996,test
11493,1996,test
11494,1996,test
11495,1996,test
11496,1996,test
11497,1996,test
11498,1996,test
11499,1996,test
11500,1996,test
11501,1996,test
11502,1996,test
11503,1996,test
11504,1996,test
11505,1996,test
11506,1996,test
11507,1996,test
11508,1996,test
11509,1996,test
11510,1996,test
11511,1996,test
11512,1996,test
11513,1996,test
11514,1996,test
11515,1996,test
11516,1996,test
11517,1996,test
11518,1996,test
11519,1996,test
11520,1996,test
11521,1996,test
11522,1996,test
11523,1996,test
11524,1996,test
11525,1996,test
11526,1996,test
11527,1996,test
11528,1996,test
11529,1996,test
11530,1996,test
11531,1996,test
11532,1996,test
11533,1996,test
11534,1996,test
11535,1996,test
11536,1996,test
11537,1996,test
11538,1996,test
11539,1996,test
11540,1996,test
11541,1996,test
11542,1996,test
11543,1996,test
11544,1996,test
11545,1996,test
11546,1996,test
11547,1996,test
11548,1996,test
11549,1996,test
11550,1996,test
11551,1996,test
11552,1996,test
11553,1996,test
11554,1996,test
11555,1996,test
11556,1996,test
11557,1996,test
11558,1996,test
11559,1996,test
11560,1996,test
11561,1996,test
11562,1996,test
11563,1996,test
11564,1996,test
11565,1996,test
11566,1996,test
11567,1996,test
11568,1996,test
11569,1996,test
11570,1996,test
11571,1996,test
11572,1996,test
11573,1996,test
11574,1996,test
11575,1996,test
11576,1996,test
11577,1996,test
11578,1996,test
11579,1996,test
11580,1996,test
11581,1996,test
11582,1996,test
11583,1996,test
11584,1996,test
11585,1996,test
11586,1996,test
11587,1996,test
11588,1996,test
11589,1996,test
11590,1996,test
11591,1996,test
11592,1996,test
11593,1996,test
11594,1996,test
11595,1996,test
11596,1996,test
11597,1996,test
11598,1996,test
11599,1996,test
11600,1996,test
11601,1996,test
11602,1996,test
11603,1996,test
11604,1996,test
11605,1996,test
11606,1996,test
11607,1996,test
11608,1996,test
11609,1996,test
11610,1996,test
11611,1996,test
11612,1996,test
11613,1996,test
11614,1996,test
11615,1996,test
11616,1996,test
11617,1996,test
11618,1996,test
11619,1996,test
11620,1996,test
11621,1996,test
11622,1996,test
11623,1996,test
11624,1996,test
11625,1996,test
11626,1996,test
11627,1996,test
11628,1996,test
11629,1996,test
11630,1996,test
11631,1996,test
11632,1996,test
11633,1996,test
11634,1996,test
11635,1996,test
11636,1996,test
11637,1996,test
11638,1996,test
11639,1996,test
11640,1996,test
11641,1996,test
11642,1996,test
11643,1996,test
11644,1996,test
11645,1996,test
11646,1996,test
11647,1996,test
11648,1996,test
11649,1996,test
11650,1996,test
11651,1996,test
11652,1996,test
11653,1996,test
11654,1996,test
11655,1996,test
11656,1996,test
11657,1996,test
11658,1996,test
11659,1996,test
11660,1996,test
11661,1996,test
11662,1996,test
11663,1996,test
11664,1996,test
11665,1996,test
11666,1996,test
11667,1996,test
11668,1996,test
11669,1996,test
11670,1996,test
11671,1996,test
11672,1996,test
11673,1996,test
11674,1996,test
11675,1996,test
11676,1996,test
11677,1996,test
11678,1996,test
11679,1996,test
11680,1996,test
11681,1996,test
11682,1996,test
11683,1996,test
11684,1996,test
11685,1996,test
11686,1996,test
11687,1996,test
11688,1996,test
11689,1996,test
11690,1996,test
11691,1996,test
11692,1996,test
11693,1996,test
11694,1996,test
11695,1996,test
11696,1996,test
11697,1996,test
11698,1996,test
11699,1996,test
11700,1996,test
11701,1996,test
11702,1996,test
11703,1996,test
11704,1996,test
11705,1996,test
11706,1996,test
11707,1996,test
11708,1996,test
11709,1996,test
11710,1996,test
11711,1996,test
11712,1996,test
11713,1996,test
11714,1996,test
11715,1996,test
11716,1996,test
11717,1996,test
11718,1996,test
11719,1996,test
11720,1996,test
11721,1996,test
11722,1996,test
11723,1996,test
11724,1996,test
11725,1996,test
11726,1996,test
11727,1996,test
11728,1996,test
11729,1996,test
11730,1996,test
11731,1996,test
11732,1996,test
11733,1996,test
11734,1996,test
11735,1996,test
11736,1996,test
11737,1996,test
11738,1996,test
11739,1996,test
11740,1996,test
11741,1996,test
11742,1996,test
11743,1996,test
11744,1996,test
11745,1996,test
11746,1996,test
11747,1996,test
11748,1996,test
11749,1996,test
11750,1996,test
11751,1996,test
11752,1996,test
11753,1996,test
11754,1996,test
11755,1996,test
11756,1996,test
11757,1996,test
11758,1996,test
11759,1996,test
11760,1996,test
11761,1996,test
11762,1996,test
11763,1996,test
11764,1996,test
11765,1996,test
11766,1996,test
11767,1996,test
11768,1996,test
11769,1996,test
11770,1996,test
11771,1996,test
11772,1996,test
11773,1996,test
11774,1996,test
11775,1996,test
11776,1996,test
11777,1996,test
11778,1996,test
11779,1996,test
11780,1996,test
11781,1996,test
11782,1996,test
11783,1996,test
11784,1996,test
11785,1996,test
11786,1996,test
11787,1996,test
11788,1996,test
11789,1996,test
11790,1996,test
11791,1996,test
11792,1996,test
11793,1996,test
11794,1996,test
11795,1996,test
11796,1996,test
11797,1996,test
11798,1996,test
11799,1996,test
11800,1996,test
11801,1996,test
11802,1996,test
11803,1996,test
11804,1996,test
11805,1996,test
11806,1996,test
11807,1996,test
11808,1996,test
11809,1996,test
11810,1996,test
11811,1996,test
11812,1996,test
11813,1996,test
11814,1996,test
11815,1996,test
11816,1996,test
11817,1996,test
11818,1996,test
11819,1996,test
11820,1996,test
11821,1996,test
11822,1996,test
11823,1996,test
11824,1996,test
11825,1996,test
11826,1996,test
11827,1996,test
11828,1996,test
11829,1996,test
11830,1996,test
11831,1996,test
11832,1996,test
11833,1996,test
11834,1996,test
11835,1996,test
11836,1996,test
11837,1996,test
11838,1996,test
11839,1996,test
11840,1996,test
11841,1996,test
11842,1996,test
11843,1996,test
11844,1996,test
11845,1996,test
11846,1996,test
11847,1996,test
11848,1996,test
11849,1996,test
11850,1996,test
11851,1996,test
11852,1996,test
11853,1996,test
11854,1996,test
11855,1996,test
11856,1996,test
11857,1996,test
11858,1996,test
11859,1996,test
11860,1996,test
11861,1996,test
11862,1996,test
11863,1996,test
11864,1996,test
11865,1996,test
11866,1996,test
11867,1996,test
11868,1996,test
11869,1996,test
11870,1996,test
11871,1996,test
11872,1996,test
11873,1996,test
11874,1996,test
11875,1996,test
11876,1996,test
11877,1996,test
11878,1996,test
11879,1996,test
11880,1996,test
11881,1996,test
11882,1996,test
11883,1996,test
11884,1996,test
11885,1996,test
11886,1996,test
11887,1996,test
11888,1996,test
11889,1996,test
11890,1996,test
11891,1996,test
11892,1996,test
11893,1996,test
11894,1996,test
11895,1996,test
11896,1996,test
11897,1996,test
11898,1996,test
11899,1996,test
11900,1996,test
11901,1996,test
11902,1996,test
11903,1996,test
11904,1996,test
11905,1996,test
11906,1996,test
11907,1996,test
11908,1996,test
11909,1996,test
11910,1996,test
11911,1996,test
11912,1996,test
11913,1996,test
11914,1996,test
11915,1996,test
11916,1996,test
11917,1996,test
11918,1996,test
11919,1996,test
11920,1996,test
11921,1996,test
11922,1996,test
11923,1996,test
11924,1996,test
11925,1996,test
11926,1996,test
11927,1996,test
11928,1996,test
11929,1996,test
11930,1996,test
11931,1996,test
11932,1996,test
11933,1996,test
11934,1996,test
11935,1996,test
11936,1996,test
11937,1996,test
11938,1996,test
11939,1996,test
11940,1996,test
11941,1996,test
11942,1996,test
11943,1996,test
11944,1996,test
11945,1996,test
11946,1996,test
11947,1996,test
11948,1996,test
11949,1996,test
11950,1996,test
11951,1996,test
11952,1996,test
11953,1996,test
11954,1996,test
11955,1996,test
11956,1996,test
11957,1996,test
11958,1996,test
11959,1996,test
11960,1996,test
11961,1996,test
11962,1996,test
11963,1996,test
11964,1996,test
11965,1996,test
11966,1996,test
11967,1996,test
11968,1996,test
11969,1996,test
11970,1996,test
11971,1996,test
11972,1996,test
11973,1996,test
11974,1996,test
11975,1996,test
11976,1996,test
11977,1996,test
11978,1996,test
11979,1996,test
11980,1996,test
11981,1996,test
11982,1996,test
11983,1996,test
11984,1996,test
11985,1996,test
11986,1996,test
11987,1996,test
11988,1996,test
11989,1996,test
11990,1996,test
11991,1996,test
11992,1996,test
11993,1996,test
11994,1996,test
11995,1996,test
11996,1996,test
11997,1996,test
11998,1996,test
11999,1996,test
12000,1996,test
12001,1996,test
12002,1996,test
12003,1996,test
12004,1996,test
12005,1996,test
12006,1996,test
12007,1996,test
12008,1996,test
12009,1996,test
12010,1996,test
12011,1996,test
12012,1996,test
12013,1996,test
12014,1996,test
12015,1996,test
12016,1996,test
12017,1996,test
12018,1996,test
12019,1996,test
12020,1996,test
12021,1996,test
12022,1996,test
12023,1996,test
12024,1996,test
12025,1996,test
12026,1996,test
12027,1996,test
12028,1996,test
12029,1996,test
12030,1996,test
12031,1996,test
12032,1996,test
12033,1996,test
12034,1996,test
12035,1996,test
12036,1996,test
12037,1996,test
12038,1996,test
12039,1996,test
12040,1996,test
12041,1996,test
12042,1996,test
12043,1996,test
12044,1996,test
12045,1996,test
12046,1996,test
12047,1996,test
12048,1996,test
12049,1996,test
12050,1996,test
12051,1996,test
12052,1996,test
12053,1996,test
12054,1996,test
12055,1996,test
12056,1996,test
12057,1996,test
12058,1996,test
12059,1996,test
12060,1996,test
12061,1996,test
12062,1996,test
12063,1996,test
12064,1996,test
12065,1996,test
12066,1996,test
12067,1996,test
12068,1996,test
12069,1996,test
12070,1996,test
12071,1996,test
12072,1996,test
12073,1996,test
12074,1996,test
12075,1996,test
12076,1996,test
12077,1996,test
12078,1996,test
12079,1996,test
12080,1996,test
12081,1996,test
12082,1996,test
12083,1996,test
12084,1996,test
12085,1996,test
12086,1996,test
12087,1996,test
12088,1996,test
12089,1996,test
12090,1996,test
12091,1996,test
12092,1996,test
12093,1996,test
12094,1996,test
12095,1996,test
12096,1996,test
12097,1996,test
12098,1996,test
12099,1996,test
12100,1996,test
12101,1996,test
12102,1996,test
12103,1996,test
12104,1996,test
12105,1996,test
12106,1996,test
12107,1996,test
12108,1996,test
12109,1996,test
12110,1996,test
12111,1996,test
12112,1996,test
12113,1996,test
12114,1996,test
12115,1996,test
12116,1996,test
12117,1996,test
12118,1996,test
12119,1996,test
12120,1996,test
12121,1996,test
12122,1996,test
12123,1996,test
12124,1996,test
12125,1996,test
12126,1996,test
12127,1996,test
12128,1996,test
12129,1996,test
12130,1996,test
12131,1996,test
12132,1996,test
12133,1996,test
12134,1996,test
12135,1996,test
12136,1996,test
12137,1996,test
12138,1996,test
12139,1996,test
12140,1996,test
12141,1996,test
12142,1996,test
12143,1996,test
12144,1996,test
12145,1996,test
12146,1996,test
12147,1996,test
12148,1996,test
12149,1996,test
12150,1996,test
12151,1996,test
12152,1996,test
12153,1996,test
12154,1996,test
12155,1996,test
12156,1996,test
12157,1996,test
12158,1996,test
12159,1996,test
12160,1996,test
12161,1996,test
12162,1996,test
12163,1996,test
12164,1996,test
12165,1996,test
12166,1996,test
12167,1996,test
12168,1996,test
12169,1996,test
12170,1996,test
12171,1996,test
12172,1996,test
12173,1996,test
12174,1996,test
12175,1996,test
12176,1996,test
12177,1996,test
12178,1996,test
12179,1996,test
12180,1996,test
12181,1996,test
12182,1996,test
12183,1996,test
12184,1996,test
12185,1996,test
12186,1996,test
12187,1996,test
12188,1996,test
12189,1996,test
12190,1996,test
12191,1996,test
12192,1996,test
12193,1996,test
12194,1996,test
12195,1996,test
12196,1996,test
12197,1996,test
12198,1996,test
12199,1996,test
12200,1996,test
12201,1996,test
12202,1996,test
12203,1996,test
12204,1996,test
12205,1996,test
12206,1996,test
12207,1996,test
12208,1996,test
12209,1996,test
12210,1996,test
12211,1996,test
12212,1996,test
12213,1996,test
12214,1996,test
12215,1996,test
12216,1996,test
12217,1996,test
12218,1996,test
12219,1996,test
12220,1996,test
12221,1996,test
12222,1996,test
12223,1996,test
12224,1996,test
12225,1996,test
12226,1996,test
12227,1996,test
12228,1996,test
12229,1996,test
12230,1996,test
12231,1996,test
12232,1996,test
12233,1996,test
12234,1996,test
12235,1996,test
12236,1996,test
12237,1996,test
12238,1996,test
12239,1996,test
12240,1996,test
12241,1996,test
12242,1996,test
12243,1996,test
12244,1996,test
12245,1996,test
12246,1996,test
12247,1996,test
12248,1996,test
12249,1996,test
12250,1996,test
12251,1996,test
12252,1996,test
12253,1996,test
12254,1996,test
12255,1996,test
12256,1996,test
12257,1996,test
12258,1996,test
12259,1996,test
12260,1996,test
12261,1996,test
12262,1996,test
12263,1996,test
12264,1996,test
12265,1996,test
12266,1996,test
12267,1996,test
12268,1996,test
12269,1996,test
12270,1996,test
12271,1996,test
12272,1996,test
12273,1996,test
12274,1996,test
12275,1996,test
12276,1996,test
12277,1996,test
12278,1996,test
12279,1996,test
12280,1996,test
12281,1996,test
12282,1996,test
12283,1996,test
12284,1996,test
12285,1996,test
12286,1996,test
12287,1996,test
12288,1996,test
12289,1996,test
12290,1996,test
12291,1996,test
12292,1996,test
12293,1996,test
12294,1996,test
12295,1996,test
12296,1996,test
12297,1996,test
12298,1996,test
12299,1996,test
12300,1996,test
12301,1996,test
12302,1996,test
12303,1996,test
12304,1996,test
12305,1996,test
12306,1996,test
12307,1996,test
12308,1996,test
12309,1996,test
12310,1996,test
12311,1996,test
12312,1996,test
12313,1996,test
12314,1996,test
12315,1996,test
12316,1996,test
12317,1996,test
12318,1996,test
12319,1996,test
12320,1996,test
12321,1996,test
12322,1996,test
12323,1996,test
12324,1996,test
12325,1996,test
12326,1996,test
12327,1996,test
12328,1996,test
12329,1996,test
12330,1996,test
12331,1996,test
12332,1996,test
12333,1996,test
12334,1996,test
12335,1996,test
12336,1996,test
12337,1996,test
12338,1996,test
12339,1996,test
12340,1996,test
12341,1996,test
12342,1996,test
12343,1996,test
12344,1996,test
12345,1996,test
12346,1996,test
12347,1996,test
12348,1996,test
12349,1996,test
12350,1996,test
12351,1996,test
12352,1996,test
12353,1996,test
12354,1996,test
12355,1996,test
12356,1996,test
12357,1996,test
12358,1996,test
12359,1996,test
12360,1996,test
12361,1996,test
12362,1996,test
12363,1996,test
12364,1996,test
12365,1996,test
12366,1996,test
12367,1996,test
12368,1996,test
12369,1996,test
12370,1996,test
12371,1996,test
12372,1996,test
12373,1996,test
12374,1996,test
12375,1996,test
12376,1996,test
12377,1996,test
12378,1996,test
12379,1996,test
12380,1996,test
12381,1996,test
12382,1996,test
12383,1996,test
12384,1996,test
12385,1996,test
12386,1996,test
12387,1996,test
12388,1996,test
12389,1996,test
12390,1996,test
12391,1996,test
12392,1996,test
12393,1996,test
12394,1996,test
12395,1996,test
12396,1996,test
12397,1996,test
12398,1996,test
12399,1996,test
12400,1996,test
12401,1996,test
12402,1996,test
12403,1996,test
12404,1996,test
12405,1996,test
12406,1996,test
12407,1996,test
12408,1996,test
12409,1996,test
12410,1996,test
12411,1996,test
12412,1996,test
12413,1996,test
12414,1996,test
12415,1996,test
12416,1996,test
12417,1996,test
12418,1996,test
12419,1996,test
12420,1996,test
12421,1996,test
12422,1996,test
12423,1996,test
12424,1996,test
12425,1996,test
12426,1996,test
12427,1996,test
12428,1996,test
12429,1996,test
12430,1996,test
12431,1996,test
12432,1996,test
12433,1996,test
12434,1996,test
12435,1996,test
12436,1996,test
12437,1996,test
12438,1996,test
12439,1996,test
12440,1996,test
12441,1996,test
12442,1996,test
12443,1996,test
12444,1996,test
12445,1996,test
12446,1996,test
12447,1996,test
12448,1996,test
12449,1996,test
12450,1996,test
12451,1996,test
12452,1996,test
12453,1996,test
12454,1996,test
12455,1996,test
12456,1996,test
12457,1996,test
12458,1996,test
12459,1996,test
12460,1996,test
12461,1996,test
12462,1996,test
12463,1996,test
12464,1996,test
12465,1996,test
12466,1996,test
12467,1996,test
12468,1996,test
12469,1996,test
12470,1996,test
12471,1996,test
12472,1996,test
12473,1996,test
12474,1996,test
12475,1996,test
12476,1996,test
12477,1996,test
12478,1996,test
12479,1996,test
12480,1996,test
12481,1996,test
12482,1996,test
12483,1996,test
12484,1996,test
12485,1996,test
12486,1996,test
12487,1996,test
12488,1996,test
12489,1996,test
12490,1996,test
12491,1996,test
12492,1996,test
12493,1996,test
12494,1996,test
12495,1996,test
12496,1996,test
12497,1996,test
12498,1996,test
12499,1996,test
12500,1996,test
12501,1996,test
12502,1996,test
12503,1996,test
12504,1996,test
12505,1996,test
12506,1996,test
12507,1996,test
12508,1996,test
12509,1996,test
12510,1996,test
12511,1996,test
12512,1996,test
12513,1996,test
12514,1996,test
12515,1996,test
12516,1996,test
12517,1996,test
12518,1996,test
12519,1996,test
12520,1996,test
12521,1996,test
12522,1996,test
12523,1996,test
12524,1996,test
12525,1996,test
12526,1996,test
12527,1996,test
12528,1996,test
12529,1996,test
12530,1996,test
12531,1996,test
12532,1996,test
12533,1996,test
12534,1996,test
12535,1996,test
12536,1996,test
12537,1996,test
12538,1996,test
12539,1996,test
12540,1996,test
12541,1996,test
12542,1996,test
12543,1996,test
12544,1996,test
12545,1996,test
12546,1996,test
12547,1996,test
12548,1996,test
12549,1996,test
12550,1996,test
12551,1996,test
12552,1996,test
12553,1996,test
12554,1996,test
12555,1996,test
12556,1996,test
12557,1996,test
12558,1996,test
12559,1996,test
12560,1996,test
12561,1996,test
12562,1996,test
12563,1996,test
12564,1996,test
12565,1996,test
12566,1996,test
12567,1996,test
12568,1996,test
12569,1996,test
12570,1996,test
12571,1996,test
12572,1996,test
12573,1996,test
12574,1996,test
12575,1996,test
12576,1996,test
12577,1996,test
12578,1996,test
12579,1996,test
12580,1996,test
12581,1996,test
12582,1996,test
12583,1996,test
12584,1996,test
12585,1996,test
12586,1996,test
12587,1996,test
12588,1996,test
12589,1996,test
12590,1996,test
12591,1996,test
12592,1996,test
12593,1996,test
12594,1996,test
12595,1996,test
12596,1996,test
12597,1996,test
12598,1996,test
12599,1996,test
12600,1996,test
12601,1996,test
12602,1996,test
12603,1996,test
12604,1996,test
12605,1996,test
12606,1996,test
12607,1996,test
12608,1996,test
12609,1996,test
12610,1996,test
12611,1996,test
12612,1996,test
12613,1996,test
12614,1996,test
12615,1996,test
12616,1996,test
12617,1996,test
12618,1996,test
12619,1996,test
12620,1996,test
12621,1996,test
12622,1996,test
12623,1996,test
12624,1996,test
12625,1996,test
12626,1996,test
12627,1996,test
12628,1996,test
12629,1996,test
12630,1996,test
12631,1996,test
12632,1996,test
12633,1996,test
12634,1996,test
12635,1996,test
12636,1996,test
12637,1996,test
12638,1996,test
12639,1996,test
12640,1996,test
12641,1996,test
12642,1996,test
12643,1996,test
12644,1996,test
12645,1996,test
12646,1996,test
12647,1996,test
12648,1996,test
12649,1996,test
12650,1996,test
12651,1996,test
12652,1996,test
12653,1996,test
12654,1996,test
12655,1996,test
12656,1996,test
12657,1996,test
12658,1996,test
12659,1996,test
12660,1996,test
12661,1996,test
12662,1996,test
12663,1996,test
12664,1996,test
12665,1996,test
12666,1996,test
12667,1996,test
12668,1996,test
12669,1996,test
12670,1996,test
12671,1996,test
12672,1996,test
12673,1996,test
12674,1996,test
12675,1996,test
12676,1996,test
12677,1996,test
12678,1996,test
12679,1996,test
12680,1996,test
12681,1996,test
12682,1996,test
12683,1996,test
12684,1996,test
12685,1996,test
12686,1996,test
12687,1996,test
12688,1996,test
12689,1996,test
12690,1996,test
12691,1996,test
12692,1996,test
12693,1996,test
12694,1996,test
12695,1996,test
12696,1996,test
12697,1996,test
12698,1996,test
12699,1996,test
12700,1996,test
12701,1996,test
12702,1996,test
12703,1996,test
12704,1996,test
12705,1996,test
12706,1996,test
12707,1996,test
12708,1996,test
12709,1996,test
12710,1996,test
12711,1996,test
12712,1996,test
12713,1996,test
12714,1996,test
12715,1996,test
12716,1996,test
12717,1996,test
12718,1996,test
12719,1996,test
12720,1996,test
12721,1996,test
12722,1996,test
12723,1996,test
12724,1996,test
12725,1996,test
12726,1996,test
12727,1996,test
12728,1996,test
12729,1996,test
12730,1996,test
12731,1996,test
12732,1996,test
12733,1996,test
12734,1996,test
12735,1996,test
12736,1996,test
12737,1996,test
12738,1996,test
12739,1996,test
12740,1996,test
12741,1996,test
12742,1996,test
12743,1996,test
12744,1996,test
12745,1996,test
12746,1996,test
12747,1996,test
12748,1996,test
12749,1996,test
12750,1996,test
12751,1996,test
12752,1996,test
12753,1996,test
12754,1996,test
12755,1996,test
12756,1996,test
12757,1996,test
12758,1996,test
12759,1996,test
12760,1996,test
12761,1996,test
12762,1996,test
12763,1996,test
12764,1996,test
12765,1996,test
12766,1996,test
12767,1996,test
12768,1996,test
12769,1996,test
12770,1996,test
12771,1996,test
12772,1996,test
12773,1996,test
12774,1996,test
12775,1996,test
12776,1996,test
12777,1996,test
12778,1996,test
12779,1996,test
12780,1996,test
12781,1996,test
12782,1996,test
12783,1996,test
12784,1996,test
12785,1996,test
12786,1996,test
12787,1996,test
12788,1996,test
12789,1996,test
12790,1996,test
12791,1996,test
12792,1996,test
12793,1996,test
12794,1996,test
12795,1996,test
12796,1996,test
12797,1996,test
12798,1996,test
12799,1996,test
12800,1996,test
12801,1996,test
12802,1996,test
12803,1996,test
12804,1996,test
12805,1996,test
12806,1996,test
12807,1996,test
12808,1996,test
12809,1996,test
12810,1996,test
12811,1996,test
12812,1996,test
12813,1996,test
12814,1996,test
12815,1996,test
12816,1996,test
12817,1996,test
12818,1996,test
12819,1996,test
12820,1996,test
12821,1996,test
12822,1996,test
12823,1996,test
12824,1996,test
12825,1996,test
12826,1996,test
12827,1996,test
12828,1996,test
12829,1996,test
12830,1996,test
12831,1996,test
12832,1996,test
12833,1996,test
12834,1996,test
12835,1996,test
12836,1996,test
12837,1996,test
12838,1996,test
12839,1996,test
12840,1996,test
12841,1996,test
12842,1996,test
12843,1996,test
12844,1996,test
12845,1996,test
12846,1996,test
12847,1996,test
12848,1996,test
12849,1996,test
12850,1996,test
12851,1996,test
12852,1996,test
12853,1996,test
12854,1996,test
12855,1996,test
12856,1996,test
12857,1996,test
12858,1996,test
12859,1996,test
12860,1996,test
12861,1996,test
12862,1996,test
12863,1996,test
12864,1996,test
12865,1996,test
12866,1996,test
12867,1996,test
12868,1996,test
12869,1996,test
12870,1996,test
12871,1996,test
12872,1996,test
12873,1996,test
12874,1996,test
12875,1996,test
12876,1996,test
12877,1996,test
12878,1996,test
12879,1996,test
12880,1996,test
12881,1996,test
12882,1996,test
12883,1996,test
12884,1996,test
12885,1996,test
12886,1996,test
12887,1996,test
12888,1996,test
12889,1996,test
12890,1996,test
12891,1996,test
12892,1996,test
12893,1996,test
12894,1996,test
12895,1996,test
12896,1996,test
12897,1996,test
12898,1996,test
12899,1996,test
12900,1996,test
12901,1996,test
12902,1996,test
12903,1996,test
12904,1996,test
12905,1996,test
12906,1996,test
12907,1996,test
12908,1996,test
12909,1996,test
12910,1996,test
12911,1996,test
12912,1996,test
12913,1996,test
12914,1996,test
12915,1996,test
12916,1996,test
12917,1996,test
12918,1996,test
12919,1996,test
12920,1996,test
12921,1996,test
12922,1996,test
12923,1996,test
12924,1996,test
12925,1996,test
12926,1996,test
12927,1996,test
12928,1996,test
12929,1996,test
12930,1996,test
12931,1996,test
12932,1996,test
12933,1996,test
12934,1996,test
12935,1996,test
12936,1996,test
12937,1996,test
12938,1996,test
12939,1996,test
12940,1996,test
12941,1996,test
12942,1996,test
12943,1996,test
12944,1996,test
12945,1996,test
12946,1996,test
12947,1996,test
12948,1996,test
12949,1996,test
12950,1996,test
12951,1996,test
12952,1996,test
12953,1996,test
12954,1996,test
12955,1996,test
12956,1996,test
12957,1996,test
12958,1996,test
12959,1996,test
12960,1996,test
12961,1996,test
12962,1996,test
12963,1996,test
12964,1996,test
12965,1996,test
12966,1996,test
12967,1996,test
12968,1996,test
12969,1996,test
12970,1996,test
12971,1996,test
12972,1996,test
12973,1996,test
12974,1996,test
12975,1996,test
12976,1996,test
12977,1996,test
12978,1996,test
12979,1996,test
12980,1996,test
12981,1996,test
12982,1996,test
12983,1996,test
12984,1996,test
12985,1996,test
12986,1996,test
12987,1996,test
12988,1996,test
12989,1996,test
12990,1996,test
12991,1996,test
12992,1996,test
12993,1996,test
12994,1996,test
12995,1996,test
12996,1996,test
12997,1996,test
12998,1996,test
12999,1996,test
13000,1996,test
13001,1996,test
13002,1996,test
13003,1996,test
13004,1996,test
13005,1996,test
13006,1996,test
13007,1996,test
13008,1996,test
13009,1996,test
13010,1996,test
13011,1996,test
13012,1996,test
13013,1996,test
13014,1996,test
13015,1996,test
13016,1996,test
13017,1996,test
13018,1996,test
13019,1996,test
13020,1996,test
13021,1996,test
13022,1996,test
13023,1996,test
13024,1996,test
13025,1996,test
13026,1996,test
13027,1996,test
13028,1996,test
13029,1996,test
13030,1996,test
13031,1996,test
13032,1996,test
13033,1996,test
13034,1996,test
13035,1996,test
13036,1996,test
13037,1996,test
13038,1996,test
13039,1996,test
13040,1996,test
13041,1996,test
13042,1996,test
13043,1996,test
13044,1996,test
13045,1996,test
13046,1996,test
13047,1996,test
13048,1996,test
13049,1996,test
13050,1996,test
13051,1996,test
13052,1996,test
13053,1996,test
13054,1996,test
13055,1996,test
13056,1996,test
13057,1996,test
13058,1996,test
13059,1996,test
13060,1996,test
13061,1996,test
13062,1996,test
13063,1996,test
13064,1996,test
13065,1996,test
13066,1996,test
13067,1996,test
13068,1996,test
13069,1996,test
13070,1996,test
13071,1996,test
13072,1996,test
13073,1996,test
13074,1996,test
13075,1996,test
13076,1996,test
13077,1996,test
13078,1996,test
13079,1996,test
13080,1996,test
13081,1996,test
13082,1996,test
13083,1996,test
13084,1996,test
13085,1996,test
13086,1996,test
13087,1996,test
13088,1996,test
13089,1996,test
13090,1996,test
13091,1996,test
13092,1996,test
13093,1996,test
13094,1996,test
13095,1996,test
13096,1996,test
13097,1996,test
13098,1996,test
13099,1996,test
13100,1996,test
13101,1996,test
13102,1996,test
13103,1996,test
13104,1996,test
13105,1996,test
13106,1996,test
13107,1996,test
13108,1996,test
13109,1996,test
13110,1996,test
13111,1996,test
13112,1996,test
13113,1996,test
13114,1996,test
13115,1996,test
13116,1996,test
13117,1996,test
13118,1996,test
13119,1996,test
13120,1996,test
13121,1996,test
13122,1996,test
13123,1996,test
13124,1996,test
13125,1996,test
13126,1996,test
13127,1996,test
13128,1996,test
13129,1996,test
13130,1996,test
13131,1996,test
13132,1996,test
13133,1996,test
13134,1996,test
13135,1996,test
13136,1996,test
13137,1996,test
13138,1996,test
13139,1996,test
13140,1996,test
13141,1996,test
13142,1996,test
13143,1996,test
13144,1996,test
13145,1996,test
13146,1996,test
13147,1996,test
13148,1996,test
13149,1996,test
13150,1996,test
13151,1996,test
13152,1996,test
13153,1996,test
13154,1996,test
13155,1996,test
13156,1996,test
13157,1996,test
13158,1996,test
13159,1996,test
13160,1996,test
13161,1996,test
13162,1996,test
13163,1996,test
13164,1996,test
13165,1996,test
13166,1996,test
13167,1996,test
13168,1996,test
13169,1996,test
13170,1996,test
13171,1996,test
13172,1996,test
13173,1996,test
13174,1996,test
13175,1996,test
13176,1996,test
13177,1996,test
13178,1996,test
13179,1996,test
13180,1996,test
13181,1996,test
13182,1996,test
13183,1996,test
13184,1996,test
13185,1996,test
13186,1996,test
13187,1996,test
13188,1996,test
13189,1996,test
13190,1996,test
13191,1996,test
13192,1996,test
13193,1996,test
13194,1996,test
13195,1996,test
13196,1996,test
13197,1996,test
13198,1996,test
13199,1996,test
13200,1996,test
13201,1996,test
13202,1996,test
13203,1996,test
13204,1996,test
13205,1996,test
13206,1996,test
13207,1996,test
13208,1996,test
13209,1996,test
13210,1996,test
13211,1996,test
13212,1996,test
13213,1996,test
13214,1996,test
13215,1996,test
13216,1996,test
13217,1996,test
13218,1996,test
13219,1996,test
13220,1996,test
13221,1996,test
13222,1996,test
13223,1996,test
13224,1996,test
13225,1996,test
13226,1996,test
13227,1996,test
13228,1996,test
13229,1996,test
13230,1996,test
13231,1996,test
13232,1996,test
13233,1996,test
13234,1996,test
13235,1996,test
13236,1996,test
13237,1996,test
13238,1996,test
13239,1996,test
13240,1996,test
13241,1996,test
13242,1996,test
13243,1996,test
13244,1996,test
13245,1996,test
13246,1996,test
13247,1996,test
13248,1996,test
13249,1996,test
13250,1996,test
13251,1996,test
13252,1996,test
13253,1996,test
13254,1996,test
13255,1996,test
13256,1996,test
13257,1996,test
13258,1996,test
13259,1996,test
13260,1996,test
13261,1996,test
13262,1996,test
13263,1996,test
13264,1996,test
13265,1996,test
13266,1996,test
13267,1996,test
13268,1996,test
13269,1996,test
13270,1996,test
13271,1996,test
13272,1996,test
13273,1996,test
13274,1996,test
13275,1996,test
13276,1996,test
13277,1996,test
13278,1996,test
13279,1996,test
13280,1996,test
13281,1996,test
13282,1996,test
13283,1996,test
13284,1996,test
13285,1996,test
13286,1996,test
13287,1996,test
13288,1996,test
13289,1996,test
13290,1996,test
13291,1996,test
13292,1996,test
13293,1996,test
13294,1996,test
13295,1996,test
13296,1996,test
13297,1996,test
13298,1996,test
13299,1996,test
13300,1996,test
13301,1996,test
13302,1996,test
13303,1996,test
13304,1996,test
13305,1996,test
13306,1996,test
13307,1996,test
13308,1996,test
13309,1996,test
13310,1996,test
13311,1996,test
13312,1996,test
13313,1996,test
13314,1996,test
13315,1996,test
13316,1996,test
13317,1996,test
13318,1996,test
13319,1996,test
13320,1996,test
13321,1996,test
13322,1996,test
13323,1996,test
13324,1996,test
13325,1996,test
13326,1996,test
13327,1996,test
13328,1996,test
13329,1996,test
13330,1996,test
13331,1996,test
13332,1996,test
13333,1996,test
13334,1996,test
13335,1996,test
13336,1996,test
13337,1996,test
13338,1996,test
13339,1996,test
13340,1996,test
13341,1996,test
13342,1996,test
13343,1996,test
13344,1996,test
13345,1996,test
13346,1996,test
13347,1996,test
13348,1996,test
13349,1996,test
13350,1996,test
13351,1996,test
13352,1996,test
13353,1996,test
13354,1996,test
13355,1996,test
13356,1996,test
13357,1996,test
13358,1996,test
13359,1996,test
13360,1996,test
13361,1996,test
13362,1996,test
13363,1996,test
13364,1996,test
13365,1996,test
13366,1996,test
13367,1996,test
13368,1996,test
13369,1996,test
13370,1996,test
13371,1996,test
13372,1996,test
13373,1996,test
13374,1996,test
13375,1996,test
13376,1996,test
13377,1996,test
13378,1996,test
13379,1996,test
13380,1996,test
13381,1996,test
13382,1996,test
13383,1996,test
13384,1996,test
13385,1996,test
13386,1996,test
13387,1996,test
13388,1996,test
13389,1996,test
13390,1996,test
13391,1996,test
13392,1996,test
13393,1996,test
13394,1996,test
13395,1996,test
13396,1996,test
13397,1996,test
13398,1996,test
13399,1996,test
13400,1996,test
13401,1996,test
13402,1996,test
13403,1996,test
13404,1996,test
13405,1996,test
13406,1996,test
13407,1996,test
13408,1996,test
13409,1996,test
13410,1996,test
13411,1996,test
13412,1996,test
13413,1996,test
13414,1996,test
13415,1996,test
13416,1996,test
13417,1996,test
13418,1996,test
13419,1996,test
13420,1996,test
13421,1996,test
13422,1996,test
13423,1996,test
13424,1996,test
13425,1996,test
13426,1996,test
13427,1996,test
13428,1996,test
13429,1996,test
13430,1996,test
13431,1996,test
13432,1996,test
13433,1996,test
13434,1996,test
13435,1996,test
13436,1996,test
13437,1996,test
13438,1996,test
13439,1996,test
13440,1996,test
13441,1996,test
13442,1996,test
13443,1996,test
13444,1996,test
13445,1996,test
13446,1996,test
13447,1996,test
13448,1996,test
13449,1996,test
13450,1996,test
13451,1996,test
13452,1996,test
13453,1996,test
13454,1996,test
13455,1996,test
13456,1996,test
13457,1996,test
13458,1996,test
13459,1996,test
13460,1996,test
13461,1996,test
13462,1996,test
13463,1996,test
13464,1996,test
13465,1996,test
13466,1996,test
13467,1996,test
13468,1996,test
13469,1996,test
13470,1996,test
13471,1996,test
13472,1996,test
13473,1996,test
13474,1996,test
13475,1996,test
13476,1996,test
13477,1996,test
13478,1996,test
13479,1996,test
13480,1996,test
13481,1996,test
13482,1996,test
13483,1996,test
13484,1996,test
13485,1996,test
13486,1996,test
13487,1996,test
13488,1996,test
13489,1996,test
13490,1996,test
13491,1996,test
13492,1996,test
13493,1996,test
13494,1996,test
13495,1996,test
13496,1996,test
13497,1996,test
13498,1996,test
13499,1996,test
13500,1996,test
13501,1996,test
13502,1996,test
13503,1996,test
13504,1996,test
13505,1996,test
13506,1996,test
13507,1996,test
13508,1996,test
13509,1996,test
13510,1996,test
13511,1996,test
13512,1996,test
13513,1996,test
13514,1996,test
13515,1996,test
13516,1996,test
13517,1996,test
13518,1996,test
13519,1996,test
13520,1996,test
13521,1996,test
13522,1996,test
13523,1996,test
13524,1996,test
13525,1996,test
13526,1996,test
13527,1996,test
13528,1996,test
13529,1996,test
13530,1996,test
13531,1996,test
13532,1996,test
13533,1996,test
13534,1996,test
13535,1996,test
13536,1996,test
13537,1996,test
13538,1996,test
13539,1996,test
13540,1996,test
13541,1996,test
13542,1996,test
13543,1996,test
13544,1996,test
13545,1996,test
13546,1996,test
13547,1996,test
13548,1996,test
13549,1996,test
13550,1996,test
13551,1996,test
13552,1996,test
13553,1996,test
13554,1996,test
13555,1996,test
13556,1996,test
13557,1996,test
13558,1996,test
13559,1996,test
13560,1996,test
13561,1996,test
13562,1996,test
13563,1996,test
13564,1996,test
13565,1996,test
13566,1996,test
13567,1996,test
13568,1996,test
13569,1996,test
13570,1996,test
13571,1996,test
13572,1996,test
13573,1996,test
13574,1996,test
13575,1996,test
13576,1996,test
13577,1996,test
13578,1996,test
13579,1996,test
13580,1996,test
13581,1996,test
13582,1996,test
13583,1996,test
13584,1996,test
13585,1996,test
13586,1996,test
13587,1996,test
13588,1996,test
13589,1996,test
13590,1996,test
13591,1996,test
13592,1996,test
13593,1996,test
13594,1996,test
13595,1996,test
13596,1996,test
13597,1996,test
13598,1996,test
13599,1996,test
13600,1996,test
13601,1996,test
13602,1996,test
13603,1996,test
13604,1996,test
13605,1996,test
13606,1996,test
13607,1996,test
13608,1996,test
13609,1996,test
13610,1996,test
13611,1996,test
13612,1996,test
13613,1996,test
13614,1996,test
13615,1996,test
13616,1996,test
13617,1996,test
13618,1996,test
13619,1996,test
13620,1996,test
13621,1996,test
13622,1996,test
13623,1996,test
13624,1996,test
13625,1996,test
13626,1996,test
13627,1996,test
13628,1996,test
13629,1996,test
13630,1996,test
13631,1996,test
13632,1996,test
13633,1996,test
13634,1996,test
13635,1996,test
13636,1996,test
13637,1996,test
13638,1996,test
13639,1996,test
13640,1996,test
13641,1996,test
13642,1996,test
13643,1996,test
13644,1996,test
13645,1996,test
13646,1996,test
13647,1996,test
13648,1996,test
13649,1996,test
13650,1996,test
13651,1996,test
13652,1996,test
13653,1996,test
13654,1996,test
13655,1996,test
13656,1996,test
13657,1996,test
13658,1996,test
13659,1996,test
13660,1996,test
13661,1996,test
13662,1996,test
13663,1996,test
13664,1996,test
13665,1996,test
13666,1996,test
13667,1996,test
13668,1996,test
13669,1996,test
13670,1996,test
13671,1996,test
13672,1996,test
13673,1996,test
13674,1996,test
13675,1996,test
13676,1996,test
13677,1996,test
13678,1996,test
13679,1996,test
13680,1996,test
13681,1996,test
13682,1996,test
13683,1996,test
13684,1996,test
13685,1996,test
13686,1996,test
13687,1996,test
13688,1996,test
13689,1996,test
13690,1996,test
13691,1996,test
13692,1996,test
13693,1996,test
13694,1996,test
13695,1996,test
13696,1996,test
13697,1996,test
13698,1996,test
13699,1996,test
13700,1996,test
13701,1996,test
13702,1996,test
13703,1996,test
13704,1996,test
13705,1996,test
13706,1996,test
13707,1996,test
13708,1996,test
13709,1996,test
13710,1996,test
13711,1996,test
13712,1996,test
13713,1996,test
13714,1996,test
13715,1996,test
13716,1996,test
13717,1996,test
13718,1996,test
13719,1996,test
13720,1996,test
13721,1996,test
13722,1996,test
13723,1996,test
13724,1996,test
13725,1996,test
13726,1996,test
13727,1996,test
13728,1996,test
13729,1996,test
13730,1996,test
13731,1996,test
13732,1996,test
13733,1996,test
13734,1996,test
13735,1996,test
13736,1996,test
13737,1996,test
13738,1996,test
13739,1996,test
13740,1996,test
13741,1996,test
13742,1996,test
13743,1996,test
13744,1996,test
13745,1996,test
13746,1996,test
13747,1996,test
13748,1996,test
13749,1996,test
13750,1996,test
13751,1996,test
13752,1996,test
13753,1996,test
13754,1996,test
13755,1996,test
13756,1996,test
13757,1996,test
13758,1996,test
13759,1996,test
13760,1996,test
13761,1996,test
13762,1996,test
13763,1996,test
13764,1996,test
13765,1996,test
13766,1996,test
13767,1996,test
13768,1996,test
13769,1996,test
13770,1996,test
13771,1996,test
13772,1996,test
13773,1996,test
13774,1996,test
13775,1996,test
13776,1996,test
13777,1996,test
13778,1996,test
13779,1996,test
13780,1996,test
13781,1996,test
13782,1996,test
13783,1996,test
13784,1996,test
13785,1996,test
13786,1996,test
13787,1996,test
13788,1996,test
13789,1996,test
13790,1996,test
13791,1996,test
13792,1996,test
13793,1996,test
13794,1996,test
13795,1996,test
13796,1996,test
13797,1996,test
13798,1996,test
13799,1996,test
13800,1996,test
13801,1996,test
13802,1996,test
13803,1996,test
13804,1996,test
13805,1996,test
13806,1996,test
13807,1996,test
13808,1996,test
13809,1996,test
13810,1996,test
13811,1996,test
13812,1996,test
13813,1996,test
13814,1996,test
13815,1996,test
13816,1996,test
13817,1996,test
13818,1996,test
13819,1996,test
13820,1996,test
13821,1996,test
13822,1996,test
13823,1996,test
13824,1996,test
13825,1996,test
13826,1996,test
13827,1996,test
13828,1996,test
13829,1996,test
13830,1996,test
13831,1996,test
13832,1996,test
13833,1996,test
13834,1996,test
13835,1996,test
13836,1996,test
13837,1996,test
13838,1996,test
13839,1996,test
13840,1996,test
13841,1996,test
13842,1996,test
13843,1996,test
13844,1996,test
13845,1996,test
13846,1996,test
13847,1996,test
13848,1996,test
13849,1996,test
13850,1996,test
13851,1996,test
13852,1996,test
13853,1996,test
13854,1996,test
13855,1996,test
13856,1996,test
13857,1996,test
13858,1996,test
13859,1996,test
13860,1996,test
13861,1996,test
13862,1996,test
13863,1996,test
13864,1996,test
13865,1996,test
13866,1996,test
13867,1996,test
13868,1996,test
13869,1996,test
13870,1996,test
13871,1996,test
13872,1996,test
13873,1996,test
13874,1996,test
13875,1996,test
13876,1996,test
13877,1996,test
13878,1996,test
13879,1996,test
13880,1996,test
13881,1996,test
13882,1996,test
13883,1996,test
13884,1996,test
13885,1996,test
13886,1996,test
13887,1996,test
13888,1996,test
13889,1996,test
13890,1996,test
13891,1996,test
13892,1996,test
13893,1996,test
13894,1996,test
13895,1996,test
13896,1996,test
13897,1996,test
13898,1996,test
13899,1996,test
13900,1996,test
13901,1996,test
13902,1996,test
13903,1996,test
13904,1996,test
13905,1996,test
13906,1996,test
13907,1996,test
13908,1996,test
13909,1996,test
13910,1996,test
13911,1996,test
13912,1996,test
13913,1996,test
13914,1996,test
13915,1996,test
13916,1996,test
13917,1996,test
13918,1996,test
13919,1996,test
13920,1996,test
13921,1996,test
13922,1996,test
13923,1996,test
13924,1996,test
13925,1996,test
13926,1996,test
13927,1996,test
13928,1996,test
13929,1996,test
13930,1996,test
13931,1996,test
13932,1996,test
13933,1996,test
13934,1996,test
13935,1996,test
13936,1996,test
13937,1996,test
13938,1996,test
13939,1996,test
13940,1996,test
13941,1996,test
13942,1996,test
13943,1996,test
13944,1996,test
13945,1996,test
13946,1996,test
13947,1996,test
13948,1996,test
13949,1996,test
13950,1996,test
13951,1996,test
13952,1996,test
13953,1996,test
13954,1996,test
13955,1996,test
13956,1996,test
13957,1996,test
13958,1996,test
13959,1996,test
13960,1996,test
13961,1996,test
13962,1996,test
13963,1996,test
13964,1996,test
13965,1996,test
13966,1996,test
13967,1996,test
13968,1996,test
13969,1996,test
13970,1996,test
13971,1996,test
13972,1996,test
13973,1996,test
13974,1996,test
13975,1996,test
13976,1996,test
13977,1996,test
13978,1996,test
13979,1996,test
13980,1996,test
13981,1996,test
13982,1996,test
13983,1996,test
13984,1996,test
13985,1996,test
13986,1996,test
13987,1996,test
13988,1996,test
13989,1996,test
13990,1996,test
13991,1996,test
13992,1996,test
13993,1996,test
13994,1996,test
13995,1996,test
13996,1996,test
13997,1996,test
13998,1996,test
13999,1996,test
14000,1996,test
14001,1996,test
14002,1996,test
14003,1996,test
14004,1996,test
14005,1996,test
14006,1996,test
14007,1996,test
14008,1996,test
14009,1996,test
14010,1996,test
14011,1996,test
14012,1996,test
14013,1996,test
14014,1996,test
14015,1996,test
14016,1996,test
14017,1996,test
14018,1996,test
14019,1996,test
14020,1996,test
14021,1996,test
14022,1996,test
14023,1996,test
14024,1996,test
14025,1996,test
14026,1996,test
14027,1996,test
14028,1996,test
14029,1996,test
14030,1996,test
14031,1996,test
14032,1996,test
14033,1996,test
14034,1996,test
14035,1996,test
14036,1996,test
14037,1996,test
14038,1996,test
14039,1996,test
14040,1996,test
14041,1996,test
14042,1996,test
14043,1996,test
14044,1996,test
14045,1996,test
14046,1996,test
14047,1996,test
14048,1996,test
14049,1996,test
14050,1996,test
14051,1996,test
14052,1996,test
14053,1996,test
14054,1996,test
14055,1996,test
14056,1996,test
14057,1996,test
14058,1996,test
14059,1996,test
14060,1996,test
14061,1996,test
14062,1996,test
14063,1996,test
14064,1996,test
14065,1996,test
14066,1996,test
14067,1996,test
14068,1996,test
14069,1996,test
14070,1996,test
14071,1996,test
14072,1996,test
14073,1996,test
14074,1996,test
14075,1996,test
14076,1996,test
14077,1996,test
14078,1996,test
14079,1996,test
14080,1996,test
14081,1996,test
14082,1996,test
14083,1996,test
14084,1996,test
14085,1996,test
14086,1996,test
14087,1996,test
14088,1996,test
14089,1996,test
14090,1996,test
14091,1996,test
14092,1996,test
14093,1996,test
14094,1996,test
14095,1996,test
14096,1996,test
14097,1996,test
14098,1996,test
14099,1996,test
14100,1996,test
14101,1996,test
14102,1996,test
14103,1996,test
14104,1996,test
14105,1996,test
14106,1996,test
14107,1996,test
14108,1996,test
14109,1996,test
14110,1996,test
14111,1996,test
14112,1996,test
14113,1996,test
14114,1996,test
14115,1996,test
14116,1996,test
14117,1996,test
14118,1996,test
14119,1996,test
14120,1996,test
14121,1996,test
14122,1996,test
14123,1996,test
14124,1996,test
14125,1996,test
14126,1996,test
14127,1996,test
14128,1996,test
14129,1996,test
14130,1996,test
14131,1996,test
14132,1996,test
14133,1996,test
14134,1996,test
14135,1996,test
14136,1996,test
14137,1996,test
14138,1996,test
14139,1996,test
14140,1996,test
14141,1996,test
14142,1996,test
14143,1996,test
14144,1996,test
14145,1996,test
14146,1996,test
14147,1996,test
14148,1996,test
14149,1996,test
14150,1996,test
14151,1996,test
14152,1996,test
14153,1996,test
14154,1996,test
14155,1996,test
14156,1996,test
14157,1996,test
14158,1996,test
14159,1996,test
14160,1996,test
14161,1996,test
14162,1996,test
14163,1996,test
14164,1996,test
14165,1996,test
14166,1996,test
14167,1996,test
14168,1996,test
14169,1996,test
14170,1996,test
14171,1996,test
14172,1996,test
14173,1996,test
14174,1996,test
14175,1996,test
14176,1996,test
14177,1996,test
14178,1996,test
14179,1996,test
14180,1996,test
14181,1996,test
14182,1996,test
14183,1996,test
14184,1996,test
14185,1996,test
14186,1996,test
14187,1996,test
14188,1996,test
14189,1996,test
14190,1996,test
14191,1996,test
14192,1996,test
14193,1996,test
14194,1996,test
14195,1996,test
14196,1996,test
14197,1996,test
14198,1996,test
14199,1996,test
14200,1996,test
14201,1996,test
14202,1996,test
14203,1996,test
14204,1996,test
14205,1996,test
14206,1996,test
14207,1996,test
14208,1996,test
14209,1996,test
14210,1996,test
14211,1996,test
14212,1996,test
14213,1996,test
14214,1996,test
14215,1996,test
14216,1996,test
14217,1996,test
14218,1996,test
14219,1996,test
14220,1996,test
14221,1996,test
14222,1996,test
14223,1996,test
14224,1996,test
14225,1996,test
14226,1996,test
14227,1996,test
14228,1996,test
14229,1996,test
14230,1996,test
14231,1996,test
14232,1996,test
14233,1996,test
14234,1996,test
14235,1996,test
14236,1996,test
14237,1996,test
14238,1996,test
14239,1996,test
14240,1996,test
14241,1996,test
14242,1996,test
14243,1996,test
14244,1996,test
14245,1996,test
14246,1996,test
14247,1996,test
14248,1996,test
14249,1996,test
14250,1996,test
14251,1996,test
14252,1996,test
14253,1996,test
14254,1996,test
14255,1996,test
14256,1996,test
14257,1996,test
14258,1996,test
14259,1996,test
14260,1996,test
14261,1996,test
14262,1996,test
14263,1996,test
14264,1996,test
14265,1996,test
14266,1996,test
14267,1996,test
14268,1996,test
14269,1996,test
14270,1996,test
14271,1996,test
14272,1996,test
14273,1996,test
14274,1996,test
14275,1996,test
14276,1996,test
14277,1996,test
14278,1996,test
14279,1996,test
14280,1996,test
14281,1996,test
14282,1996,test
14283,1996,test
14284,1996,test
14285,1996,test
14286,1996,test
14287,1996,test
14288,1996,test
14289,1996,test
14290,1996,test
14291,1996,test
14292,1996,test
14293,1996,test
14294,1996,test
14295,1996,test
14296,1996,test
14297,1996,test
14298,1996,test
14299,1996,test
14300,1996,test
14301,1996,test
14302,1996,test
14303,1996,test
14304,1996,test
14305,1996,test
14306,1996,test
14307,1996,test
14308,1996,test
14309,1996,test
14310,1996,test
14311,1996,test
14312,1996,test
14313,1996,test
14314,1996,test
14315,1996,test
14316,1996,test
14317,1996,test
14318,1996,test
14319,1996,test
14320,1996,test
14321,1996,test
14322,1996,test
14323,1996,test
14324,1996,test
14325,1996,test
14326,1996,test
14327,1996,test
14328,1996,test
14329,1996,test
14330,1996,test
14331,1996,test
14332,1996,test
14333,1996,test
14334,1996,test
14335,1996,test
14336,1996,test
14337,1996,test
14338,1996,test
14339,1996,test
14340,1996,test
14341,1996,test
14342,1996,test
14343,1996,test
14344,1996,test
14345,1996,test
14346,1996,test
14347,1996,test
14348,1996,test
14349,1996,test
14350,1996,test
14351,1996,test
14352,1996,test
14353,1996,test
14354,1996,test
14355,1996,test
14356,1996,test
14357,1996,test
14358,1996,test
14359,1996,test
14360,1996,test
14361,1996,test
14362,1996,test
14363,1996,test
14364,1996,test
14365,1996,test
14366,1996,test
14367,1996,test
14368,1996,test
14369,1996,test
14370,1996,test
14371,1996,test
14372,1996,test
14373,1996,test
14374,1996,test
14375,1996,test
14376,1996,test
14377,1996,test
14378,1996,test
14379,1996,test
14380,1996,test
14381,1996,test
14382,1996,test
14383,1996,test
14384,1996,test
14385,1996,test
14386,1996,test
14387,1996,test
14388,1996,test
14389,1996,test
14390,1996,test
14391,1996,test
14392,1996,test
14393,1996,test
14394,1996,test
14395,1996,test
14396,1996,test
14397,1996,test
14398,1996,test
14399,1996,test
14400,1996,test
14401,1996,test
14402,1996,test
14403,1996,test
14404,1996,test
14405,1996,test
14406,1996,test
14407,1996,test
14408,1996,test
14409,1996,test
14410,1996,test
14411,1996,test
14412,1996,test
14413,1996,test
14414,1996,test
14415,1996,test
14416,1996,test
14417,1996,test
14418,1996,test
14419,1996,test
14420,1996,test
14421,1996,test
14422,1996,test
14423,1996,test
14424,1996,test
14425,1996,test
14426,1996,test
14427,1996,test
14428,1996,test
14429,1996,test
14430,1996,test
14431,1996,test
14432,1996,test
14433,1996,test
14434,1996,test
14435,1996,test
14436,1996,test
14437,1996,test
14438,1996,test
14439,1996,test
14440,1996,test
14441,1996,test
14442,1996,test
14443,1996,test
14444,1996,test
14445,1996,test
14446,1996,test
14447,1996,test
14448,1996,test
14449,1996,test
14450,1996,test
14451,1996,test
14452,1996,test
14453,1996,test
14454,1996,test
14455,1996,test
14456,1996,test
14457,1996,test
14458,1996,test
14459,1996,test
14460,1996,test
14461,1996,test
14462,1996,test
14463,1996,test
14464,1996,test
14465,1996,test
14466,1996,test
14467,1996,test
14468,1996,test
14469,1996,test
14470,1996,test
14471,1996,test
14472,1996,test
14473,1996,test
14474,1996,test
14475,1996,test
14476,1996,test
14477,1996,test
14478,1996,test
14479,1996,test
14480,1996,test
14481,1996,test
14482,1996,test
14483,1996,test
14484,1996,test
14485,1996,test
14486,1996,test
14487,1996,test
14488,1996,test
14489,1996,test
14490,1996,test
14491,1996,test
14492,1996,test
14493,1996,test
14494,1996,test
14495,1996,test
14496,1996,test
14497,1996,test
14498,1996,test
14499,1996,test
14500,1996,test
14501,1996,test
14502,1996,test
14503,1996,test
14504,1996,test
14505,1996,test
14506,1996,test
14507,1996,test
14508,1996,test
14509,1996,test
14510,1996,test
14511,1996,test
14512,1996,test
14513,1996,test
14514,1996,test
14515,1996,test
14516,1996,test
14517,1996,test
14518,1996,test
14519,1996,test
14520,1996,test
14521,1996,test
14522,1996,test
14523,1996,test
14524,1996,test
14525,1996,test
14526,1996,test
14527,1996,test
14528,1996,test
14529,1996,test
14530,1996,test
14531,1996,test
14532,1996,test
14533,1996,test
14534,1996,test
14535,1996,test
14536,1996,test
14537,1996,test
14538,1996,test
14539,1996,test
14540,1996,test
14541,1996,test
14542,1996,test
14543,1996,test
14544,1996,test
14545,1996,test
14546,1996,test
14547,1996,test
14548,1996,test
14549,1996,test
14550,1996,test
14551,1996,test
14552,1996,test
14553,1996,test
14554,1996,test
14555,1996,test
14556,1996,test
14557,1996,test
14558,1996,test
14559,1996,test
14560,1996,test
14561,1996,test
14562,1996,test
14563,1996,test
14564,1996,test
14565,1996,test
14566,1996,test
14567,1996,test
14568,1996,test
14569,1996,test
14570,1996,test
14571,1996,test
14572,1996,test
14573,1996,test
14574,1996,test
14575,1996,test
14576,1996,test
14577,1996,test
14578,1996,test
14579,1996,test
14580,1996,test
14581,1996,test
14582,1996,test
14583,1996,test
14584,1996,test
14585,1996,test
14586,1996,test
14587,1996,test
14588,1996,test
14589,1996,test
14590,1996,test
14591,1996,test
14592,1996,test
14593,1996,test
14594,1996,test
14595,1996,test
14596,1996,test
14597,1996,test
14598,1996,test
14599,1996,test
14600,1996,test
14601,1996,test
14602,1996,test
14603,1996,test
14604,1996,test
14605,1996,test
14606,1996,test
14607,1996,test
14608,1996,test
14609,1996,test
14610,1996,test
14611,1996,test
14612,1996,test
14613,1996,test
14614,1996,test
14615,1996,test
14616,1996,test
14617,1996,test
14618,1996,test
14619,1996,test
14620,1996,test
14621,1996,test
14622,1996,test
14623,1996,test
14624,1996,test
14625,1996,test
14626,1996,test
14627,1996,test
14628,1996,test
14629,1996,test
14630,1996,test
14631,1996,test
14632,1996,test
14633,1996,test
14634,1996,test
14635,1996,test
14636,1996,test
14637,1996,test
14638,1996,test
14639,1996,test
14640,1996,test
14641,1996,test
14642,1996,test
14643,1996,test
14644,1996,test
14645,1996,test
14646,1996,test
14647,1996,test
14648,1996,test
14649,1996,test
14650,1996,test
14651,1996,test
14652,1996,test
14653,1996,test
14654,1996,test
14655,1996,test
14656,1996,test
14657,1996,test
14658,1996,test
14659,1996,test
14660,1996,test
14661,1996,test
14662,1996,test
14663,1996,test
14664,1996,test
14665,1996,test
14666,1996,test
14667,1996,test
14668,1996,test
14669,1996,test
14670,1996,test
14671,1996,test
14672,1996,test
14673,1996,test
14674,1996,test
14675,1996,test
14676,1996,test
14677,1996,test
14678,1996,test
14679,1996,test
14680,1996,test
14681,1996,test
14682,1996,test
14683,1996,test
14684,1996,test
14685,1996,test
14686,1996,test
14687,1996,test
14688,1996,test
14689,1996,test
14690,1996,test
14691,1996,test
14692,1996,test
14693,1996,test
14694,1996,test
14695,1996,test
14696,1996,test
14697,1996,test
14698,1996,test
14699,1996,test
14700,1996,test
14701,1996,test
14702,1996,test
14703,1996,test
14704,1996,test
14705,1996,test
14706,1996,test
14707,1996,test
14708,1996,test
14709,1996,test
14710,1996,test
14711,1996,test
14712,1996,test
14713,1996,test
14714,1996,test
14715,1996,test
14716,1996,test
14717,1996,test
14718,1996,test
14719,1996,test
14720,1996,test
14721,1996,test
14722,1996,test
14723,1996,test
14724,1996,test
14725,1996,test
14726,1996,test
14727,1996,test
14728,1996,test
14729,1996,test
14730,1996,test
14731,1996,test
14732,1996,test
14733,1996,test
14734,1996,test
14735,1996,test
14736,1996,test
14737,1996,test
14738,1996,test
14739,1996,test
14740,1996,test
14741,1996,test
14742,1996,test
14743,1996,test
14744,1996,test
14745,1996,test
14746,1996,test
14747,1996,test
14748,1996,test
14749,1996,test
14750,1996,test
14751,1996,test
14752,1996,test
14753,1996,test
14754,1996,test
14755,1996,test
14756,1996,test
14757,1996,test
14758,1996,test
14759,1996,test
14760,1996,test
14761,1996,test
14762,1996,test
14763,1996,test
14764,1996,test
14765,1996,test
14766,1996,test
14767,1996,test
14768,1996,test
14769,1996,test
14770,1996,test
14771,1996,test
14772,1996,test
14773,1996,test
14774,1996,test
14775,1996,test
14776,1996,test
14777,1996,test
14778,1996,test
14779,1996,test
14780,1996,test
14781,1996,test
14782,1996,test
14783,1996,test
14784,1996,test
14785,1996,test
14786,1996,test
14787,1996,test
14788,1996,test
14789,1996,test
14790,1996,test
14791,1996,test
14792,1996,test
14793,1996,test
14794,1996,test
14795,1996,test
14796,1996,test
14797,1996,test
14798,1996,test
14799,1996,test
14800,1996,test
14801,1996,test
14802,1996,test
14803,1996,test
14804,1996,test
14805,1996,test
14806,1996,test
14807,1996,test
14808,1996,test
14809,1996,test
14810,1996,test
14811,1996,test
14812,1996,test
14813,1996,test
14814,1996,test
14815,1996,test
14816,1996,test
14817,1996,test
14818,1996,test
14819,1996,test
14820,1996,test
14821,1996,test
14822,1996,test
14823,1996,test
14824,1996,test
14825,1996,test
14826,1996,test
14827,1996,test
14828,1996,test
14829,1996,test
14830,1996,test
14831,1996,test
14832,1996,test
14833,1996,test
14834,1996,test
14835,1996,test
14836,1996,test
14837,1996,test
14838,1996,test
14839,1996,test
14840,1996,test
14841,1996,test
14842,1996,test
14843,1996,test
14844,1996,test
14845,1996,test
14846,1996,test
14847,1996,test
14848,1996,test
14849,1996,test
14850,1996,test
14851,1996,test
14852,1996,test
14853,1996,test
14854,1996,test
14855,1996,test
14856,1996,test
14857,1996,test
14858,1996,test
14859,1996,test
14860,1996,test
14861,1996,test
14862,1996,test
14863,1996,test
14864,1996,test
14865,1996,test
14866,1996,test
14867,1996,test
14868,1996,test
14869,1996,test
14870,1996,test
14871,1996,test
14872,1996,test
14873,1996,test
14874,1996,test
14875,1996,test
14876,1996,test
14877,1996,test
14878,1996,test
14879,1996,test
14880,1996,test
14881,1996,test
14882,1996,test
14883,1996,test
14884,1996,test
14885,1996,test
14886,1996,test
14887,1996,test
14888,1996,test
14889,1996,test
14890,1996,test
14891,1996,test
14892,1996,test
14893,1996,test
14894,1996,test
14895,1996,test
14896,1996,test
14897,1996,test
14898,1996,test
14899,1996,test
14900,1996,test
14901,1996,test
14902,1996,test
14903,1996,test
14904,1996,test
14905,1996,test
14906,1996,test
14907,1996,test
14908,1996,test
14909,1996,test
14910,1996,test
14911,1996,test
14912,1996,test
14913,1996,test
14914,1996,test
14915,1996,test
14916,1996,test
14917,1996,test
14918,1996,test
14919,1996,test
14920,1996,test
14921,1996,test
14922,1996,test
14923,1996,test
14924,1996,test
14925,1996,test
14926,1996,test
14927,1996,test
14928,1996,test
14929,1996,test
14930,1996,test
14931,1996,test
14932,1996,test
14933,1996,test
14934,1996,test
14935,1996,test
14936,1996,test
14937,1996,test
14938,1996,test
14939,1996,test
14940,1996,test
14941,1996,test
14942,1996,test
14943,1996,test
14944,1996,test
14945,1996,test
14946,1996,test
14947,1996,test
14948,1996,test
14949,1996,test
14950,1996,test
14951,1996,test
14952,1996,test
14953,1996,test
14954,1996,test
14955,1996,test
14956,1996,test
14957,1996,test
14958,1996,test
14959,1996,test
14960,1996,test
14961,1996,test
14962,1996,test
14963,1996,test
14964,1996,test
14965,1996,test
14966,1996,test
14967,1996,test
14968,1996,test
14969,1996,test
14970,1996,test
14971,1996,test
14972,1996,test
14973,1996,test
14974,1996,test
14975,1996,test
14976,1996,test
14977,1996,test
14978,1996,test
14979,1996,test
14980,1996,test
14981,1996,test
14982,1996,test
14983,1996,test
14984,1996,test
14985,1996,test
14986,1996,test
14987,1996,test
14988,1996,test
14989,1996,test
14990,1996,test
14991,1996,test
14992,1996,test
14993,1996,test
14994,1996,test
14995,1996,test
14996,1996,test
14997,1996,test
14998,1996,test
14999,1996,test
15000,1996,test
15001,1996,test
15002,1996,test
15003,1996,test
15004,1996,test
15005,1996,test
15006,1996,test
15007,1996,test
15008,1996,test
15009,1996,test
15010,1996,test
15011,1996,test
15012,1996,test
15013,1996,test
15014,1996,test
15015,1996,test
15016,1996,test
15017,1996,test
15018,1996,test
15019,1996,test
15020,1996,test
15021,1996,test
15022,1996,test
15023,1996,test
15024,1996,test
15025,1996,test
15026,1996,test
15027,1996,test
15028,1996,test
15029,1996,test
15030,1996,test
15031,1996,test
15032,1996,test
15033,1996,test
15034,1996,test
15035,1996,test
15036,1996,test
15037,1996,test
15038,1996,test
15039,1996,test
15040,1996,test
15041,1996,test
15042,1996,test
15043,1996,test
15044,1996,test
15045,1996,test
15046,1996,test
15047,1996,test
15048,1996,test
15049,1996,test
15050,1996,test
15051,1996,test
15052,1996,test
15053,1996,test
15054,1996,test
15055,1996,test
15056,1996,test
15057,1996,test
15058,1996,test
15059,1996,test
15060,1996,test
15061,1996,test
15062,1996,test
15063,1996,test
15064,1996,test
15065,1996,test
15066,1996,test
15067,1996,test
15068,1996,test
15069,1996,test
15070,1996,test
15071,1996,test
15072,1996,test
15073,1996,test
15074,1996,test
15075,1996,test
15076,1996,test
15077,1996,test
15078,1996,test
15079,1996,test
15080,1996,test
15081,1996,test
15082,1996,test
15083,1996,test
15084,1996,test
15085,1996,test
15086,1996,test
15087,1996,test
15088,1996,test
15089,1996,test
15090,1996,test
15091,1996,test
15092,1996,test
15093,1996,test
15094,1996,test
15095,1996,test
15096,1996,test
15097,1996,test
15098,1996,test
15099,1996,test
15100,1996,test
15101,1996,test
15102,1996,test
15103,1996,test
15104,1996,test
15105,1996,test
15106,1996,test
15107,1996,test
15108,1996,test
15109,1996,test
15110,1996,test
15111,1996,test
15112,1996,test
15113,1996,test
15114,1996,test
15115,1996,test
15116,1996,test
15117,1996,test
15118,1996,test
15119,1996,test
15120,1996,test
15121,1996,test
15122,1996,test
15123,1996,test
15124,1996,test
15125,1996,test
15126,1996,test
15127,1996,test
15128,1996,test
15129,1996,test
15130,1996,test
15131,1996,test
15132,1996,test
15133,1996,test
15134,1996,test
15135,1996,test
15136,1996,test
15137,1996,test
15138,1996,test
15139,1996,test
15140,1996,test
15141,1996,test
15142,1996,test
15143,1996,test
15144,1996,test
15145,1996,test
15146,1996,test
15147,1996,test
15148,1996,test
15149,1996,test
15150,1996,test
15151,1996,test
15152,1996,test
15153,1996,test
15154,1996,test
15155,1996,test
15156,1996,test
15157,1996,test
15158,1996,test
15159,1996,test
15160,1996,test
15161,1996,test
15162,1996,test
15163,1996,test
15164,1996,test
15165,1996,test
15166,1996,test
15167,1996,test
15168,1996,test
15169,1996,test
15170,1996,test
15171,1996,test
15172,1996,test
15173,1996,test
15174,1996,test
15175,1996,test
15176,1996,test
15177,1996,test
15178,1996,test
15179,1996,test
15180,1996,test
15181,1996,test
15182,1996,test
15183,1996,test
15184,1996,test
15185,1996,test
15186,1996,test
15187,1996,test
15188,1996,test
15189,1996,test
15190,1996,test
15191,1996,test
15192,1996,test
15193,1996,test
15194,1996,test
15195,1996,test
15196,1996,test
15197,1996,test
15198,1996,test
15199,1996,test
15200,1996,test
15201,1996,test
15202,1996,test
15203,1996,test
15204,1996,test
15205,1996,test
15206,1996,test
15207,1996,test
15208,1996,test
15209,1996,test
15210,1996,test
15211,1996,test
15212,1996,test
15213,1996,test
15214,1996,test
15215,1996,test
15216,1996,test
15217,1996,test
15218,1996,test
15219,1996,test
15220,1996,test
15221,1996,test
15222,1996,test
15223,1996,test
15224,1996,test
15225,1996,test
15226,1996,test
15227,1996,test
15228,1996,test
15229,1996,test
15230,1996,test
15231,1996,test
15232,1996,test
15233,1996,test
15234,1996,test
15235,1996,test
15236,1996,test
15237,1996,test
15238,1996,test
15239,1996,test
15240,1996,test
15241,1996,test
15242,1996,test
15243,1996,test
15244,1996,test
15245,1996,test
15246,1996,test
15247,1996,test
15248,1996,test
15249,1996,test
15250,1996,test
15251,1996,test
15252,1996,test
15253,1996,test
15254,1996,test
15255,1996,test
15256,1996,test
15257,1996,test
15258,1996,test
15259,1996,test
15260,1996,test
15261,1996,test
15262,1996,test
15263,1996,test
15264,1996,test
15265,1996,test
15266,1996,test
15267,1996,test
15268,1996,test
15269,1996,test
15270,1996,test
15271,1996,test
15272,1996,test
15273,1996,test
15274,1996,test
15275,1996,test
15276,1996,test
15277,1996,test
15278,1996,test
15279,1996,test
15280,1996,test
15281,1996,test
15282,1996,test
15283,1996,test
15284,1996,test
15285,1996,test
15286,1996,test
15287,1996,test
15288,1996,test
15289,1996,test
15290,1996,test
15291,1996,test
15292,1996,test
15293,1996,test
15294,1996,test
15295,1996,test
15296,1996,test
15297,1996,test
15298,1996,test
15299,1996,test
15300,1996,test
15301,1996,test
15302,1996,test
15303,1996,test
15304,1996,test
15305,1996,test
15306,1996,test
15307,1996,test
15308,1996,test
15309,1996,test
15310,1996,test
15311,1996,test
15312,1996,test
15313,1996,test
15314,1996,test
15315,1996,test
15316,1996,test
15317,1996,test
15318,1996,test
15319,1996,test
15320,1996,test
15321,1996,test
15322,1996,test
15323,1996,test
15324,1996,test
15325,1996,test
15326,1996,test
15327,1996,test
15328,1996,test
15329,1996,test
15330,1996,test
15331,1996,test
15332,1996,test
15333,1996,test
15334,1996,test
15335,1996,test
15336,1996,test
15337,1996,test
15338,1996,test
15339,1996,test
15340,1996,test
15341,1996,test
15342,1996,test
15343,1996,test
15344,1996,test
15345,1996,test
15346,1996,test
15347,1996,test
15348,1996,test
15349,1996,test
15350,1996,test
15351,1996,test
15352,1996,test
15353,1996,test
15354,1996,test
15355,1996,test
15356,1996,test
15357,1996,test
15358,1996,test
15359,1996,test
15360,1996,test
15361,1996,test
15362,1996,test
15363,1996,test
15364,1996,test
15365,1996,test
15366,1996,test
15367,1996,test
15368,1996,test
15369,1996,test
15370,1996,test
15371,1996,test
15372,1996,test
15373,1996,test
15374,1996,test
15375,1996,test
15376,1996,test
15377,1996,test
15378,1996,test
15379,1996,test
15380,1996,test
15381,1996,test
15382,1996,test
15383,1996,test
15384,1996,test
15385,1996,test
15386,1996,test
15387,1996,test
15388,1996,test
15389,1996,test
15390,1996,test
15391,1996,test
15392,1996,test
15393,1996,test
15394,1996,test
15395,1996,test
15396,1996,test
15397,1996,test
15398,1996,test
15399,1996,test
15400,1996,test
15401,1996,test
15402,1996,test
15403,1996,test
15404,1996,test
15405,1996,test
15406,1996,test
15407,1996,test
15408,1996,test
15409,1996,test
15410,1996,test
15411,1996,test
15412,1996,test
15413,1996,test
15414,1996,test
15415,1996,test
15416,1996,test
15417,1996,test
15418,1996,test
15419,1996,test
15420,1996,test
